home_team,date,plays
SAS,20071030,[]
LAL,20071030,"[(""Fisher 20' Jump Shot (17 PTS) (Bryant 4 AST)"", 27.8), (""Battier 27' 3PT Jump Shot (11 PTS) (McGrady 4 AST)"", 47.4)]"
GSW,20071030,[]
TOR,20071031,[]
ORL,20071031,[]
IND,20071031,"[(""MISS Dunleavy 26' 3PT Jump Shot"", 21.4), (""MISS Arenas 6' Jump Shot"", 30.7), (""'MISS Butler Free Throw 1 of 2'"", 22.0), (""Arenas 25' 3PT Jump Shot (31 PTS)"", 48.7), (""''"", 50.0)]"
NJN,20071031,"[(""Nocioni 25' 3PT Jump Shot (5 PTS) (Hinrich 2 AST)"", 32.6), (""MISS Carter 17' Jump Shot"", 34.6), (""'Nocioni REBOUND (Off:1 Def:4)'"", 23.5), (""MISS Gordon 27' 3PT Jump Shot"", 47.4), (""'MISS Wallace  Layup'"", 48.0), (""''"", 50.0)]"
CLE,20071031,[]
MEM,20071031,"[(""'Gasol  Driving Reverse Layup (22 PTS)'"", 20.2), (""MISS Stoudamire 19' Jump Shot"", 23.8), (""MISS Bonner 21' Jump Shot"", 26.3), (""'MISS Gasol  Running Finger Roll Layup'"", 29.5), (""'MISS Gasol  Driving Layup'"", 30.9), (""'Duncan REBOUND (Off:4 Def:5)'"", 20.7), (""'Ginobili  Driving Layup (23 PTS)'"", 32.8), (""MISS Gay 37' 3PT Jump Shot"", 43.0)]"
NOH,20071031,[]
DEN,20071031,[]
MIA,20071101,[]
UTA,20071101,[]
SEA,20071101,[]
CHA,20071102,"[(""MISS Williams 19' Jump Shot"", 30.7)]"
ORL,20071102,[]
IND,20071102,"[(""Rush 24' 3PT Jump Shot (3 PTS) (Tinsley 10 AST)"", 27.6), (""MISS Williams 27' 3PT Jump Shot"", 36.2), (""'Rush  3PT Jump Shot (6 PTS) (Dunleavy 3 AST)'"", 37.3)]"
NJN,20071102,[]
ATL,20071102,"[(""Lue 27' 3PT Jump Shot (13 PTS)"", 20.4), (""MISS Terry 28' 3PT Jump Shot"", 35.7)]"
CLE,20071102,[]
BOS,20071102,[]
NOH,20071102,[]
MIN,20071102,[]
CHI,20071102,[]
SAS,20071102,[]
PHO,20071102,[]
LAC,20071102,"[(""Mobley 16' Fadeaway Jumper (19 PTS)"", 20.7), (""MISS Pietrus 24' 3PT Jump Shot"", 31.3)]"
PHI,20071103,[]
WAS,20071103,[]
MEM,20071103,[]
MIL,20071103,[]
HOU,20071103,[]
DAL,20071103,[]
UTA,20071103,[]
TOR,20071104,"[(""Posey 24' 3PT Jump Shot (8 PTS) (Garnett 5 AST)"", 23.8), (""Posey 24' 3PT Jump Shot (11 PTS) (Garnett 6 AST)"", 24.4), (""MISS Kapono 28' 3PT Jump Shot"", 37.7), (""'Ford  Driving Layup (21 PTS)'"", 26.1), (""MISS Pierce 20' Jump Shot"", 43.7), (""MISS Delfino 53' 3PT Running Jump Shot"", 50.2), (""''"", 50.0)]"
LAC,20071104,[]
NYK,20071104,"[(""MISS Walker 25' 3PT Jump Shot"", 37.8)]"
MIA,20071104,[]
DET,20071104,"[(""MISS Billups 25' 3PT Jump Shot"", 28.8), (""'Smith Free Throw 2 of 3 (12 PTS)'"", 22.7), (""'Smith Free Throw 3 of 3 (13 PTS)'"", 24.4)]"
DEN,20071104,[]
PHO,20071104,[]
LAL,20071104,[]
DAL,20071105,[]
CHA,20071106,[]
NJN,20071106,[]
NYK,20071106,"[(""MISS Anthony 25' 3PT Jump Shot"", 20.4), (""Iverson 26' 3PT Jump Shot (32 PTS)"", 22.7)]"
MIL,20071106,[]
MIN,20071106,[]
CHI,20071106,"[(""Maggette 25' 3PT Jump Shot (16 PTS) (Thomas 3 AST)"", 29.4)]"
HOU,20071106,[]
SAC,20071106,"[(""MISS Garcia 8' Jump Shot"", 33.0), (""'Garcia  3PT Jump Shot (9 PTS) (Miller 2 AST)'"", 52.5), (""MISS Wilkins 14' Jump Shot"", 29.0)]"
LAL,20071106,[]
GSW,20071106,"[(""MISS Gibson 27' 3PT Jump Shot"", 23.1), (""Jones 26' 3PT Turnaround Jump Shot (10 PTS) (Gibson 3 AST)"", 26.9), (""MISS Harrington 26' 3PT Jump Shot"", 25.0), (""Gibson 25' 3PT Jump Shot (22 PTS) (Ilgauskas 1 AST)"", 28.8)]"
TOR,20071107,"[(""Bargnani 24' 3PT Jump Shot (16 PTS) (Calderon 6 AST)"", 20.3), (""Lewis 25' 3PT Jump Shot (24 PTS) (Turkoglu 6 AST)"", 22.2)]"
PHI,20071107,[]
ATL,20071107,[]
IND,20071107,[]
BOS,20071107,[]
SAS,20071107,[]
UTA,20071107,"[(""James 24' 3PT Jump Shot (32 PTS) (Brown 2 AST)"", 37.8), (""'D. Williams  Driving Layup (15 PTS)'"", 43.9), (""MISS Jones 35' 3PT Jump Shot"", 94.2)]"
SEA,20071107,[]
POR,20071107,[]
NJN,20071108,"[(""Jefferson 25' 3PT Jump Shot (20 PTS) (Kidd 9 AST)"", 24.2), (""MISS Arenas 26' 3PT Jump Shot"", 25.7), (""MISS Jamison 25' 3PT Jump Shot"", 43.1), (""'MISS Songaila  Layup'"", 24.7), (""MISS Kidd 24' 3PT Jump Shot"", 44.7), (""'Jefferson REBOUND (Off:3 Def:3)'"", 22.3), (""MISS Arenas 20' Jump Shot"", 42.0)]"
CHI,20071108,"[(""MISS Smith 16' Jump Shot"", 22.2), (""MISS Wallace 9' Jump Bank Shot"", 33.3), (""MISS Wallace 9' Jump Shot"", 27.0), (""MISS Hamilton 25' 3PT Jump Shot"", 38.7)]"
GSW,20071108,"[(""MISS Terry 26' 3PT Jump Shot"", 25.7), (""MISS Harrington 26' 3PT Jump Shot"", 32.9), (""'Stackhouse  3PT Jump Shot (14 PTS) (Nowitzki 3 AST)'"", 29.4), (""MISS Davis 25' 3PT Jump Shot"", 39.7)]"
PHI,20071109,"[(""'Delfino REBOUND (Off:2 Def:6)'"", 20.7), (""'MISS Miller  Layup'"", 35.1)]"
CHA,20071109,[]
BOS,20071109,[]
NYK,20071109,[]
MIA,20071109,"[(""MISS Barbosa 25' 3PT Jump Shot"", 23.6), (""Nash 24' 3PT Jump Shot (25 PTS)"", 26.2), (""MISS Parker 24' 3PT Jump Shot"", 28.2), (""MISS Davis 26' 3PT Jump Shot"", 37.0)]"
WAS,20071109,[]
DET,20071109,[]
NOH,20071109,[]
HOU,20071109,[]
POR,20071109,[]
LAL,20071109,[]
SAC,20071109,"[(""MISS Gibson 26' 3PT Jump Shot"", 20.7), (""MISS Miller 21' Jump Shot"", 21.4), (""'James  Dunk (21 PTS)'"", 21.8), (""MISS Martin 17' Jump Shot"", 33.9), (""MISS Martin 18' Jump Shot"", 48.0)]"
SEA,20071109,"[(""D. Williams 15' Jump Shot (14 PTS) (Boozer 4 AST)"", 22.3), (""MISS West 18' Jump Shot"", 21.0), (""Durant 6' Floating Jump Shot (20 PTS)"", 23.1), (""MISS Okur 15' Jump Shot"", 30.4), (""'SUPERSONICS Rebound'"", 20.1), (""'Boozer  Finger Roll Layup (27 PTS) (D. Williams 11 AST)'"", 34.9), (""'MISS Durant  Layup'"", 42.6)]"
ORL,20071110,[]
IND,20071110,"[(""MISS Kleiza 26' 3PT Jump Shot"", 20.2), (""MISS Tinsley 26' 3PT Jump Shot"", 34.3), (""MISS Granger 26' 3PT Jump Shot"", 38.5)]"
NJN,20071110,[]
CHI,20071110,[]
UTA,20071110,[]
SAC,20071110,"[(""MISS Jaric 26' 3PT Jump Shot"", 20.1), (""MISS Martin 25' 3PT Jump Shot"", 20.8), (""MISS Martin 24' 3PT Jump Shot"", 25.1), (""McCants 25' 3PT Jump Shot (16 PTS) (Jefferson 2 AST)"", 21.2), (""Udrih 18' Jump Shot (9 PTS)"", 22.8)]"
POR,20071110,[]
ATL,20071111,[]
NYK,20071111,"[(""MISS Davis 26' 3PT Jump Shot"", 21.4), (""Williams 16' Jump Shot (15 PTS) (Davis 3 AST)"", 36.9), (""MISS Marbury 24' 3PT Jump Shot"", 39.7)]"
PHI,20071111,[]
CHA,20071111,"[(""'Richardson  Driving Layup (16 PTS)'"", 26.0), (""McGrady 10' Running Jump Shot (25 PTS)"", 23.5), (""MISS Alston 28' 3PT Jump Shot"", 54.7), (""'Yao Free Throw 1 of 2 (33 PTS)'"", 22.3)]"
SAS,20071111,[]
SEA,20071111,"[(""MISS Collison 7' Jump Shot"", 21.1), (""Wallace 16' Turnaround Jump Shot (15 PTS) (Prince 5 AST)"", 22.9)]"
LAC,20071111,[]
NJN,20071112,"[(""Peterson 24' 3PT Jump Shot (9 PTS) (Paul 7 AST)"", 21.0), (""'Kidd REBOUND (Off:2 Def:7)'"", 20.4), (""MISS Krstic 10' Turnaround Jump Shot"", 34.8), (""'West REBOUND (Off:0 Def:8)'"", 24.0), (""'Paul  Driving Layup (27 PTS)'"", 45.0), (""MISS Wright 19' Turnaround Fadeaway Shot"", 42.6)]"
DEN,20071112,[]
UTA,20071112,[]
CHA,20071113,[]
ORL,20071113,[]
IND,20071113,[]
MEM,20071113,"[(""MISS McGrady 20' Jump Shot"", 23.3), (""'MISS Battier  3PT Jump Shot'"", 37.5)]"
DAL,20071113,[]
SAS,20071113,[]
PHO,20071113,[]
POR,20071113,[]
TOR,20071114,"[(""'MISS Ford  3PT Jump Shot'"", 37.4), (""MISS Ford 25' 3PT Jump Shot"", 37.8)]"
WAS,20071114,[]
ATL,20071114,[]
CLE,20071114,"[(""MISS Nelson 1' Layup"", 22.2), (""MISS Pavlovic 24' 3PT Jump Shot"", 34.1), (""MISS Ilgauskas 17' Jump Shot"", 22.9), (""'MISS Pavlovic  3PT Jump Shot'"", 66.8), (""MISS Ilgauskas 1' Tip Shot"", 35.1), (""'James Free Throw 1 of 3 (33 PTS)'"", 25.2), (""'James Free Throw 2 of 3 (34 PTS)'"", 33.1), (""'James Free Throw 3 of 3 (35 PTS)'"", 41.1), (""MISS Lewis 16' Jump Shot"", 48.0), (""''"", 50.0)]"
BOS,20071114,[]
MIA,20071114,[]
MIL,20071114,"[(""Gay 26' 3PT Jump Shot (26 PTS) (Gasol 4 AST)"", 33.0), (""Mason 11' Jump Shot (15 PTS) (Williams 12 AST)"", 36.3), (""'MISS Gasol  3PT Jump Shot'"", 48.7)]"
NOH,20071114,[]
MIN,20071114,"[(""MISS Martin 24' 3PT Jump Shot"", 20.9)]"
HOU,20071114,"[(""MISS Battier 27' 3PT Jump Shot"", 33.3), (""MISS Alston 26' 3PT Jump Shot"", 33.3), (""MISS Alston 28' 3PT Jump Shot"", 48.7)]"
DEN,20071114,[]
LAC,20071114,"[(""Thomas 17' Jump Shot (12 PTS) (Cassell 5 AST)"", 23.7), (""'MISS Marbury  3PT Jump Shot'"", 43.7), (""MISS Crawford 30' 3PT Jump Shot"", 44.3)]"
GSW,20071114,"[(""MISS Ellis 27' 3PT Jump Shot"", 20.8), (""MISS Harrington 27' 3PT Jump Shot"", 22.9), (""MISS Harrington 25' 3PT Jump Shot"", 28.6)]"
DAL,20071115,[]
PHO,20071115,[]
TOR,20071116,[]
PHI,20071116,"[(""MISS Green 25' 3PT Jump Shot"", 20.5), (""Roy 26' 3PT Jump Shot (25 PTS) (Webster 1 AST)"", 22.3), (""Williams 27' 3PT Jump Shot (19 PTS) (Young 1 AST)"", 20.7), (""'MISS Webster  3PT Jump Shot'"", 28.7), (""MISS Blake 25' 3PT Jump Shot"", 48.7), (""Iguodala 19' Jump Shot (22 PTS)"", 23.0), (""MISS Jack 25' 3PT Jump Shot"", 35.6)]"
BOS,20071116,"[(""MISS Posey 24' 3PT Jump Shot"", 22.6), (""MISS Davis 24' 3PT Jump Shot"", 31.9), (""MISS Wade 25' 3PT Jump Shot"", 21.4), (""'Cook  Dunk (6 PTS)'"", 23.6), (""MISS Pierce 1' Layup"", 32.2), (""'Haslem REBOUND (Off:0 Def:8)'"", 21.2), (""Pierce 2' Layup (12 PTS) (Allen 7 AST)"", 35.1), (""MISS Wade 21' Jump Shot"", 76.5)]"
NJN,20071116,[]
ATL,20071116,"[(""MISS Watson 27' 3PT Jump Shot"", 35.1), (""Johnson 12' Jump Bank Shot (32 PTS)"", 24.2), (""'Watson  Layup (13 PTS)'"", 25.1), (""Johnson 12' Jump Shot (34 PTS)"", 33.9), (""Wilkins 25' 3PT Jump Shot (35 PTS) (West 3 AST)"", 51.0), (""'MISS Childress Free Throw 1 of 2'"", 32.2), (""'Childress Free Throw 2 of 2 (18 PTS)'"", 28.2), (""MISS Johnson 26' 3PT Jump Shot"", 50.2), (""''"", 50.0)]"
CLE,20071116,"[(""James 25' 3PT Jump Shot (31 PTS)"", 20.2), (""Ilgauskas 15' Jump Shot (17 PTS) (James 9 AST)"", 31.3), (""Boozer 15' Jump Shot (26 PTS) (D. Williams 4 AST)"", 25.7), (""MISS Boozer 1' Layup"", 28.4), (""'MISS D. Williams  3PT Jump Shot'"", 37.8), (""MISS Okur 25' 3PT Jump Shot"", 48.7)]"
MEM,20071116,"[(""MISS Stojakovic 19' Jump Shot"", 25.1), (""Paul 6' Jump Shot (24 PTS)"", 23.6), (""Gay 28' 3PT Jump Shot (20 PTS) (Stoudamire 4 AST)"", 44.3), (""MISS Paul 53' 3PT Jump Shot"", 50.3), (""''"", 50.0)]"
SAS,20071116,"[(""MISS Head 25' 3PT Jump Shot"", 37.4)]"
MIN,20071116,[]
SAC,20071116,"[(""MISS Salmons 26' 3PT Jump Shot"", 22.6), (""'MISS Curry  Layup'"", 20.5), (""MISS Miller 20' Jump Shot"", 27.3), (""MISS Robinson 12' Jump Shot"", 23.2), (""'Salmons  Driving Layup (11 PTS) (World Peace 2 AST)'"", 36.2), (""MISS Crawford 17' Jump Shot"", 29.0), (""'Curry  Layup (27 PTS)'"", 30.7), (""MISS Garcia 25' 3PT Jump Shot"", 49.3), (""'MISS Curry  Layup'"", 48.0), (""''"", 50.0)]"
LAL,20071116,[]
GSW,20071116,[]
WAS,20071117,[]
CHA,20071117,[]
IND,20071117,[]
NJN,20071117,"[(""'MISS Wright  3PT Jump Shot'"", 25.3), (""'MISS Jefferson  Layup'"", 35.1)]"
MIN,20071117,[]
MIL,20071117,[]
HOU,20071117,[]
DAL,20071117,"[(""Nowitzki 19' Jump Shot (17 PTS) (Harris 8 AST)"", 26.8), (""Gay 12' Jump Shot (9 PTS)"", 24.4), (""MISS Navarro 26' 3PT Jump Shot"", 40.8), (""MISS Swift 26' 3PT Jump Shot"", 48.7)]"
DEN,20071117,[]
LAC,20071117,[]
TOR,20071118,"[(""Croshere 25' 3PT Jump Shot (9 PTS) (Harrington 2 AST)"", 21.3)]"
ORL,20071118,"[(""MISS Allen 25' 3PT Jump Shot"", 20.2), (""MISS Allen 26' 3PT Jump Shot"", 49.4), (""MISS House 25' 3PT Jump Shot"", 50.5), (""MISS Pierce 27' 3PT Jump Shot"", 81.3)]"
SAC,20071118,[]
LAL,20071118,[]
CHA,20071119,[]
MEM,20071119,[]
NOH,20071119,"[(""MISS Peterson 25' 3PT Jump Shot"", 23.2), (""Turkoglu 25' 3PT Jump Shot (15 PTS) (Dooling 2 AST)"", 22.1), (""'MISS Peterson  3PT Jump Shot'"", 30.6)]"
UTA,20071119,[]
WAS,20071120,[]
ATL,20071120,[]
CLE,20071120,[]
IND,20071120,[]
NYK,20071120,[]
DAL,20071120,[]
DEN,20071120,[]
SAC,20071120,"[(""MISS Garcia 26' 3PT Jump Shot"", 20.7), (""MISS World Peace 14' Jump Shot"", 31.6), (""MISS Salmons 26' 3PT Jump Shot"", 80.1), (""MISS Salmons 25' 3PT Jump Shot"", 81.3)]"
CHA,20071121,"[(""'Richardson  Driving Layup (10 PTS)'"", 23.0), (""Jamison 25' 3PT Jump Shot (24 PTS) (Daniels 5 AST)"", 41.7), (""MISS Butler 16' Jump Shot"", 48.0), (""''"", 50.0)]"
BOS,20071121,[]
MIA,20071121,"[(""Johnson 25' 3PT Jump Shot (19 PTS)"", 21.5), (""MISS Davis 25' 3PT Jump Shot"", 24.2), (""'MISS Wade  Driving Layup'"", 37.8), (""MISS Davis 26' 3PT Jump Shot"", 48.7)]"
HOU,20071121,"[(""'MISS Harris  3PT Jump Shot'"", 20.7), (""'Harris  Driving Layup (21 PTS)'"", 25.4), (""MISS McGrady 22' Jump Shot"", 35.4)]"
DET,20071121,[]
MIL,20071121,[]
MEM,20071121,"[(""Bargnani 26' 3PT Jump Shot (13 PTS) (Calderon 7 AST)"", 28.5), (""MISS Miller 28' 3PT Jump Shot"", 28.9)]"
NOH,20071121,[]
MIN,20071121,[]
SAS,20071121,[]
PHO,20071121,[]
POR,20071121,"[(""Nachbar 24' 3PT Jump Shot (20 PTS) (Jefferson 3 AST)"", 21.4), (""'MISS Kidd  3PT Jump Shot'"", 27.5), (""'Nachbar  3PT Jump Shot (23 PTS) (Carter 3 AST)'"", 31.2), (""MISS Roy 13' Jump Shot"", 29.3), (""'Kidd  Driving Layup (9 PTS)'"", 30.7)]"
LAC,20071121,[]
WAS,20071123,"[(""'Butler  3PT Jump Shot (24 PTS)'"", 20.3), (""Jackson 24' 3PT Jump Shot (28 PTS) (Davis 13 AST)"", 23.5), (""MISS Azubuike 25' 3PT Jump Shot"", 24.0), (""MISS Butler 24' 3PT Jump Shot"", 29.1)]"
ORL,20071123,[]
BOS,20071123,[]
MIA,20071123,[]
DET,20071123,"[(""MISS Iguodala 24' 3PT Jump Shot"", 20.5), (""'MISS Iguodala  3PT Jump Shot'"", 40.8)]"
IND,20071123,"[(""MISS Harris 21' Jump Shot"", 20.7)]"
SAS,20071123,[]
DEN,20071123,"[(""Gomes 24' 3PT Jump Shot (18 PTS) (Jaric 6 AST)"", 24.0), (""MISS Anthony 25' 3PT Jump Shot"", 22.8), (""Anthony 19' Jump Shot (27 PTS) (Iverson 10 AST)"", 20.5)]"
UTA,20071123,[]
PHO,20071123,[]
POR,20071123,"[(""Martin 24' 3PT Jump Shot (21 PTS) (Udrih 6 AST)"", 37.5), (""MISS Jack 10' Floating Jump Shot"", 28.3), (""'MISS Martin  Driving Layup'"", 23.6), (""'Roy  Driving Layup (13 PTS)'"", 36.9), (""MISS World Peace 35' 3PT Jump Shot"", 48.7)]"
SEA,20071123,"[(""MISS Durant 21' Jump Shot"", 21.2), (""'Jefferson  Layup (28 PTS)'"", 22.7)]"
NYK,20071124,[]
CLE,20071124,"[(""Kapono 25' 3PT Jump Shot (12 PTS) (Bosh 4 AST)"", 20.8), (""James 1' Layup (33 PTS) (Gibson 3 AST)"", 23.0), (""James 17' Turnaround Jump Shot (35 PTS)"", 22.6), (""MISS Parker 26' 3PT Jump Shot"", 34.6), (""MISS Calderon 42' 3PT Jump Shot"", 48.7)]"
PHI,20071124,"[(""MISS Davis 15' Jump Shot"", 20.8), (""MISS Williams 7' Jump Shot"", 23.1), (""'MISS Pietrus  3PT Jump Shot'"", 36.7), (""MISS Pietrus 26' 3PT Jump Shot"", 41.0), (""'MISS Williams  Layup'"", 32.2), (""'Dalembert REBOUND (Off:3 Def:6)'"", 21.3), (""'Davis REBOUND (Off:1 Def:5)'"", 21.8), (""MISS Jackson 11' Jump Shot"", 39.5), (""'Iguodala REBOUND (Off:1 Def:9)'"", 21.0), (""MISS Iguodala 17' Jump Shot"", 43.9), (""''"", 50.0)]"
CHA,20071124,"[(""MISS Allen 26' 3PT Jump Shot"", 23.1), (""MISS Pierce 27' 3PT Jump Shot"", 43.7), (""MISS Pierce 15' Jump Shot"", 36.4), (""Allen 29' 3PT Jump Shot (14 PTS) (Pierce 7 AST)"", 94.2)]"
ORL,20071124,[]
MEM,20071124,[]
MIN,20071124,[]
HOU,20071124,[]
MIL,20071124,"[(""MISS Harris 27' 3PT Jump Shot"", 21.6), (""Terry 24' 3PT Jump Shot (10 PTS) (Nowitzki 3 AST)"", 23.2), (""'Redd  3PT Jump Shot (21 PTS) (Williams 9 AST)'"", 25.4), (""Terry 25' 3PT Jump Shot (13 PTS) (Harris 8 AST)"", 26.5), (""Howard 15' Jump Shot (24 PTS)"", 21.1), (""MISS Stackhouse 24' 3PT Jump Shot"", 40.5), (""MISS Terry 24' 3PT Jump Shot"", 34.6)]"
LAC,20071124,[]
TOR,20071125,[]
IND,20071125,"[(""MISS James 6' Jump Shot"", 21.7), (""Pavlovic 25' 3PT Jump Shot (20 PTS) (James 9 AST)"", 37.1), (""MISS Foster 3' Tip Shot"", 24.6), (""MISS James 28' 3PT Jump Shot"", 28.8), (""MISS Tinsley 5' Jump Shot"", 28.7), (""MISS Harrison 3' Layup"", 28.9), (""Jones 24' 3PT Jump Shot (8 PTS) (James 10 AST)"", 29.4), (""'MISS Shaw. Williams  3PT Jump Shot'"", 37.8)]"
DET,20071125,[]
SEA,20071125,[]
LAL,20071125,"[(""Bryant 26' 3PT Jump Shot (29 PTS) (Fisher 3 AST)"", 20.7), (""MISS Kidd 25' 3PT Jump Shot"", 27.3), (""Vujacic 25' 3PT Jump Shot (3 PTS) (Bryant 7 AST)"", 37.5), (""MISS Wright 25' 3PT Jump Shot"", 29.0), (""'MISS Fisher  Layup'"", 31.1), (""MISS Williams 7' Jump Shot"", 33.7), (""'Nachbar Free Throw 1 of 2 (13 PTS)'"", 21.0), (""MISS Bryant 21' Jump Shot"", 41.1), (""'Carter REBOUND (Off:0 Def:4)'"", 20.7), (""'Bryant Free Throw 2 of 3 (31 PTS)'"", 23.5), (""'MISS Bryant Free Throw 3 of 3'"", 25.6), (""'MISS Radmanovic  3PT Jump Shot'"", 81.3)]"
NYK,20071126,[]
NOH,20071126,[]
DAL,20071126,[]
SAC,20071126,[]
POR,20071126,[]
LAC,20071126,[]
GSW,20071126,[]
CLE,20071127,"[(""MISS Gibson 26' 3PT Jump Shot"", 22.1), (""MISS James 25' 3PT Jump Shot"", 24.8), (""Pavlovic 24' 3PT Jump Shot (14 PTS) (Gibson 3 AST)"", 31.4), (""MISS Allen 26' 3PT Jump Shot"", 41.9), (""'Garnett REBOUND (Off:2 Def:3)'"", 20.4), (""'James REBOUND (Off:0 Def:4)'"", 22.8), (""MISS James 20' Jump Shot"", 48.0), (""''"", 50.0)]"
NJN,20071127,"[(""MISS Jefferson 26' 3PT Jump Shot"", 30.2)]"
MIA,20071127,[]
MIL,20071127,[]
CHI,20071127,[]
DEN,20071127,"[(""'Smith Free Throw 1 of 3 (12 PTS)'"", 25.2), (""'Smith Free Throw 2 of 3 (13 PTS)'"", 33.1), (""'MISS Smith Free Throw 3 of 3'"", 41.1)]"
LAL,20071127,[]
TOR,20071128,[]
PHI,20071128,[]
ATL,20071128,[]
DET,20071128,[]
DAL,20071128,[]
SAS,20071128,[]
PHO,20071128,"[(""MISS Barbosa 26' 3PT Jump Shot"", 34.7)]"
SAC,20071128,"[(""Jackson 25' 3PT Jump Shot (18 PTS) (Davis 5 AST)"", 21.0), (""Jackson 24' 3PT Jump Shot (21 PTS) (Davis 6 AST)"", 38.6), (""MISS World Peace 25' 3PT Jump Shot"", 37.6), (""MISS Moore 18' Jump Shot"", 23.3), (""MISS World Peace 23' Jump Shot"", 25.7)]"
POR,20071128,"[(""Webster 24' 3PT Jump Shot (10 PTS) (Roy 8 AST)"", 22.1)]"
SEA,20071128,[]
BOS,20071129,[]
LAL,20071129,[]
GSW,20071129,[]
TOR,20071130,[]
PHI,20071130,"[(""MISS Stevenson 25' 3PT Jump Shot"", 21.6), (""MISS Jamison 24' 3PT Jump Shot"", 21.3), (""'MISS Iguodala  Layup'"", 21.5), (""MISS Young 26' 3PT Jump Shot"", 86.7)]"
NYK,20071130,"[(""MISS Redd 25' 3PT Jump Shot"", 21.7), (""Williams 25' 3PT Jump Shot (13 PTS)"", 25.2), (""MISS Crawford 20' Jump Shot"", 20.6), (""MISS Williams 14' Jump Shot"", 20.1), (""MISS Randolph 16' Jump Shot"", 26.1), (""MISS Redd 12' Jump Shot"", 22.6), (""MISS Crawford 12' Jump Shot"", 33.5), (""Crawford 10' Jump Bank Shot (25 PTS)"", 34.4), (""MISS Redd 27' 3PT Jump Shot"", 68.1), (""MISS Redd 24' 3PT Jump Shot"", 48.7)]"
ATL,20071130,[]
MIA,20071130,[]
MIN,20071130,[]
DAL,20071130,[]
UTA,20071130,[]
PHO,20071130,"[(""MISS Turkoglu 25' 3PT Jump Shot"", 21.4), (""MISS Lewis 25' 3PT Jump Shot"", 64.6)]"
DEN,20071130,[]
SEA,20071130,"[(""MISS Tinsley 26' 3PT Jump Shot"", 39.7)]"
WAS,20071201,[]
NJN,20071201,"[(""'MISS Wright  3PT Jump Shot'"", 23.6), (""Kidd 25' 3PT Jump Shot (19 PTS) (Jefferson 6 AST)"", 24.0), (""MISS Iguodala 24' 3PT Jump Shot"", 30.7), (""Carter 20' Fadeaway Jumper (19 PTS)"", 21.6), (""MISS Carter 6' Floating Jump Shot"", 45.0), (""''"", 50.0)]"
MEM,20071201,[]
NOH,20071201,"[(""'MISS Bass  Layup'"", 20.6), (""MISS Stojakovic 25' 3PT Jump Shot"", 43.3), (""MISS Stojakovic 16' Jump Shot"", 28.9), (""MISS Nowitzki 26' 3PT Jump Shot"", 29.2), (""MISS Paul 16' Jump Shot"", 47.0), (""'MISS Chandler  Tip Shot'"", 53.3), (""'Stojakovic  3PT Jump Shot (22 PTS) (West 2 AST)'"", 43.0), (""MISS Nowitzki 29' 3PT Jump Shot"", 50.3), (""''"", 50.0)]"
CHI,20071201,[]
MIL,20071201,[]
SAC,20071201,[]
BOS,20071202,[]
SAS,20071202,[]
LAC,20071202,"[(""MISS Thomas 25' 3PT Jump Shot"", 21.4)]"
NYK,20071202,[]
DET,20071202,[]
DEN,20071202,[]
SEA,20071202,[]
LAL,20071202,"[(""MISS Odom 24' 3PT Jump Shot"", 22.7)]"
TOR,20071203,[]
PHI,20071203,[]
MEM,20071203,"[(""Stoudamire 20' Jump Shot (2 PTS)"", 21.8), (""'Outlaw  3PT Jump Shot (19 PTS) (Blake 6 AST)'"", 51.6), (""MISS Navarro 15' Jump Shot"", 64.2), (""'Gay  Putback Layup (30 PTS)'"", 76.5), (""Outlaw 6' Running Jump Shot (21 PTS)"", 93.4)]"
CHI,20071203,[]
UTA,20071203,[]
GSW,20071203,"[(""MISS Azubuike 26' 3PT Jump Shot"", 22.0), (""MISS Jackson 26' 3PT Jump Shot"", 22.5), (""Jackson 25' 3PT Jump Shot (18 PTS) (Ellis 6 AST)"", 23.0), (""MISS Nelson 21' Jump Shot"", 20.2), (""MISS Jackson 26' 3PT Jump Shot"", 27.1), (""MISS Turkoglu 25' 3PT Jump Shot"", 36.2), (""Lewis 26' 3PT Jump Shot (18 PTS) (Nelson 9 AST)"", 30.8), (""MISS Davis 27' 3PT Jump Shot"", 39.3), (""MISS Turkoglu 29' 3PT Jump Shot"", 44.2), (""'Davis REBOUND (Off:0 Def:3)'"", 21.7), (""MISS Turkoglu 5' Jump Shot"", 26.5), (""MISS Ellis 27' 3PT Jump Shot"", 49.4), (""''"", 50.0)]"
ATL,20071204,[]
CLE,20071204,[]
IND,20071204,"[(""Dunleavy 26' 3PT Jump Shot (22 PTS) (Tinsley 12 AST)"", 21.9), (""MISS Nash 26' 3PT Jump Shot"", 20.7), (""Nash 26' 3PT Jump Shot (17 PTS) (Hill 6 AST)"", 44.5), (""MISS Tinsley 11' Jump Shot"", 33.7), (""MISS Granger 25' 3PT Jump Shot"", 43.0)]"
MIN,20071204,[]
SAC,20071204,[]
LAC,20071204,"[(""Thomas 26' 3PT Jump Shot (16 PTS) (Dickau 2 AST)"", 20.2), (""Redd 24' 3PT Jump Shot (18 PTS) (Villanueva 1 AST)"", 22.3), (""MISS Mobley 25' 3PT Jump Shot"", 22.5)]"
TOR,20071205,[]
PHI,20071205,[]
WAS,20071205,[]
CHA,20071205,[]
NJN,20071205,[]
NOH,20071205,[]
HOU,20071205,[]
SAS,20071205,"[(""MISS Terry 4' Jump Shot"", 42.0), (""'MISS Nowitzki  3PT Jump Shot'"", 81.3)]"
DEN,20071205,"[(""'Bryant  Driving Layup (21 PTS)'"", 22.5), (""'MISS Anthony  Driving Layup'"", 20.6)]"
GSW,20071205,[]
SEA,20071205,[]
ATL,20071206,"[(""MISS Jaric 42' 3PT Jump Shot"", 20.2), (""MISS Jefferson 14' Jump Shot"", 22.4), (""Johnson 9' Running Jump Shot (18 PTS)"", 24.1), (""Jefferson 17' Jump Shot (17 PTS) (Telfair 4 AST)"", 23.1), (""MISS Telfair 12' Jump Shot"", 35.1), (""'MISS Jefferson  Layup'"", 36.2), (""'Jaric  Layup (16 PTS) (Brewer 5 AST)'"", 36.5), (""MISS Johnson 4' Layup"", 43.6), (""'Williams REBOUND (Off:2 Def:2)'"", 20.5), (""Smith 12' Turnaround Jump Shot (28 PTS)"", 51.0), (""'Jaric  Driving Layup (18 PTS)'"", 76.5), (""Johnson 22' Fadeaway Jumper (21 PTS)"", 93.4)]"
DAL,20071206,[]
POR,20071206,[]
PHI,20071207,[]
WAS,20071207,[]
ORL,20071207,[]
DET,20071207,[]
BOS,20071207,[]
NJN,20071207,[]
NOH,20071207,"[(""'Lowry  Driving Layup (14 PTS)'"", 24.7), (""MISS Butler 25' 3PT Jump Shot"", 40.5), (""'MISS Paul  Layup'"", 31.6), (""MISS Gay 8' Jump Shot"", 34.8), (""'West REBOUND (Off:4 Def:4)'"", 24.0), (""'MISS Paul  Layup'"", 43.7), (""MISS Paul 48' 3PT Jump Shot"", 50.2), (""''"", 50.0)]"
SAS,20071207,"[(""Parker 20' Step Back Jump Shot (16 PTS)"", 21.8), (""'MISS Kirilenko  3PT Jump Shot'"", 32.2)]"
SAC,20071207,[]
GSW,20071207,"[(""Davis 27' 3PT Jump Shot (22 PTS)"", 22.5)]"
SEA,20071207,[]
CHA,20071208,"[(""'MISS Brown  3PT Jump Shot'"", 20.4), (""'MISS Ilgauskas  Layup'"", 20.6), (""MISS Carroll 24' 3PT Jump Shot"", 28.3), (""MISS Hughes 40' 3PT Jump Shot"", 48.7)]"
ATL,20071208,[]
NYK,20071208,[]
MIN,20071208,[]
CHI,20071208,[]
DAL,20071208,[]
DEN,20071208,"[(""MISS Carter 26' 3PT Jump Shot"", 23.3), (""MISS Garcia 26' 3PT Jump Shot"", 81.3)]"
TOR,20071209,[]
LAC,20071209,"[(""Thomas 26' 3PT Jump Shot (10 PTS) (Maggette 6 AST)"", 20.1), (""Wade 11' Jump Shot (30 PTS)"", 21.0), (""MISS Maggette 17' Jump Shot"", 20.1), (""'MISS Maggette  Layup'"", 22.9), (""'MISS Maggette  Layup'"", 23.1)]"
DET,20071209,[]
POR,20071209,"[(""MISS Williams 25' 3PT Jump Shot"", 20.1), (""MISS Blake 25' 3PT Jump Shot"", 20.4), (""'MISS Blake  3PT Jump Shot'"", 50.1), (""MISS Williams 25' 3PT Jump Shot"", 50.3), (""''"", 50.0)]"
WAS,20071209,[]
NOH,20071209,"[(""Paul 28' 3PT Jump Shot (25 PTS)"", 21.1), (""MISS Szczerbiak 27' 3PT Jump Shot"", 27.9)]"
LAL,20071209,[]
PHI,20071210,[]
ORL,20071210,[]
NYK,20071210,[]
PHO,20071210,[]
SAC,20071210,"[(""MISS Garcia 25' 3PT Jump Shot"", 23.3), (""Udrih 18' Jump Shot (14 PTS) (Garcia 3 AST)"", 24.1), (""'World Peace  Layup (11 PTS)'"", 28.5), (""'MISS Redd  3PT Jump Shot'"", 39.7)]"
WAS,20071211,[]
ATL,20071211,[]
CLE,20071211,[]
NJN,20071211,[]
MEM,20071211,[]
CHI,20071211,[]
UTA,20071211,[]
GSW,20071211,[]
TOR,20071212,[]
PHI,20071212,"[(""MISS Walker 26' 3PT Jump Shot"", 23.3), (""Iguodala 18' Jump Shot (23 PTS)"", 20.3), (""MISS Jefferson 7' Jump Shot"", 32.7)]"
CHA,20071212,[]
IND,20071212,[]
BOS,20071212,[]
NYK,20071212,[]
MIL,20071212,[]
HOU,20071212,"[(""MISS Billups 21' Jump Shot"", 24.5), (""MISS Wallace 25' 3PT Jump Shot"", 66.8), (""MISS Billups 25' 3PT Jump Shot"", 80.1), (""MISS McDyess 26' 3PT Jump Shot"", 48.7)]"
DEN,20071212,"[(""MISS Paul 26' 3PT Jump Shot"", 25.8), (""Paul 24' 3PT Jump Shot (30 PTS) (Butler 3 AST)"", 26.3), (""MISS Iverson 26' 3PT Jump Shot"", 33.1), (""'MISS Camby  Tip Shot'"", 22.6), (""'Camby  Tip Shot (14 PTS)'"", 22.6), (""MISS Butler 24' 3PT Jump Shot"", 36.4), (""MISS Paul 25' 3PT Jump Shot"", 44.2)]"
POR,20071212,[]
PHO,20071212,"[(""'Kirilenko  3PT Jump Shot (17 PTS) (D. Williams 6 AST)'"", 20.2), (""MISS Boozer 16' Jump Shot"", 21.2)]"
MIA,20071213,[]
LAL,20071213,[]
PHI,20071214,[]
CHA,20071214,[]
IND,20071214,"[(""Calderon 25' 3PT Jump Shot (18 PTS) (Bosh 2 AST)"", 20.9), (""Kapono 26' 3PT Jump Shot (21 PTS) (Calderon 15 AST)"", 21.6)]"
BOS,20071214,[]
NJN,20071214,"[(""MISS James 25' 3PT Jump Shot"", 21.9)]"
DET,20071214,[]
MEM,20071214,[]
MIN,20071214,[]
CHI,20071214,[]
DAL,20071214,[]
POR,20071214,"[(""MISS D. Williams 25' 3PT Jump Shot"", 20.1)]"
GSW,20071214,"[(""MISS Bryant 21' Jump Shot"", 23.0), (""MISS Ellis 20' Jump Shot"", 26.9), (""'Biedrins  Tip Shot (10 PTS)'"", 27.2), (""MISS Odom 11' Jump Shot"", 31.8), (""Davis 26' 3PT Step Back Jump Shot (22 PTS)"", 28.4)]"
WAS,20071215,[]
ATL,20071215,[]
ORL,20071215,"[(""MISS Turkoglu 26' 3PT Jump Shot"", 31.1)]"
NYK,20071215,[]
MIA,20071215,"[(""MISS Wade 24' 3PT Jump Shot"", 48.7)]"
CLE,20071215,"[(""MISS Ilgauskas 14' Jump Shot"", 21.6), (""MISS James 17' Jump Shot"", 22.7)]"
NOH,20071215,"[(""'MISS Bell  3PT Jump Shot'"", 31.1), (""MISS West 9' Jump Shot"", 22.4), (""'HORNETS Rebound'"", 20.6), (""MISS Marion 13' Jump Shot"", 76.5)]"
MIL,20071215,[]
HOU,20071215,[]
SAS,20071215,[]
UTA,20071215,[]
DET,20071216,[]
TOR,20071216,[]
DEN,20071216,[]
LAL,20071216,[]
ATL,20071217,"[(""MISS Miles 26' 3PT Jump Shot"", 39.7)]"
CLE,20071217,"[(""'MISS Redd  3PT Jump Shot'"", 27.3), (""'MISS Brown  3PT Jump Shot'"", 25.2), (""Redd 8' Jump Shot (17 PTS)"", 20.5), (""MISS Gibson 10' Jump Shot"", 23.4), (""MISS Ilgauskas 1' Tip Shot"", 23.5), (""'Ilgauskas  Putback Layup (18 PTS)'"", 23.6), (""MISS Redd 17' Turnaround Jump Shot"", 25.4), (""James 20' Jump Shot (24 PTS)"", 31.1), (""MISS Williams 26' 3PT Jump Shot"", 56.2), (""'James REBOUND (Off:1 Def:7)'"", 20.5), (""'Williams Free Throw 1 of 2 (10 PTS)'"", 24.3), (""'Williams Free Throw 2 of 2 (11 PTS)'"", 26.8), (""MISS James 13' Running Jump Shot"", 48.0), (""''"", 50.0)]"
NYK,20071217,[]
MIA,20071217,"[(""McCants 26' 3PT Jump Shot (19 PTS) (Telfair 6 AST)"", 21.4), (""MISS Wade 20' Jump Shot"", 21.5), (""'MISS Haslem  Layup'"", 21.6), (""'Mourning  Tip Shot (9 PTS)'"", 21.8)]"
MEM,20071217,[]
DAL,20071217,"[(""MISS Dooling 30' 3PT Jump Shot"", 48.7)]"
SAS,20071217,"[(""Stoudemire 1' Slam Dunk (15 PTS) (Nash 9 AST)"", 23.4), (""Finley 25' 3PT Jump Shot (15 PTS) (Bowen 3 AST)"", 37.2), (""Hill 14' Jump Shot (20 PTS) (Nash 10 AST)"", 31.8), (""Ginobili 7' Running Jump Shot (18 PTS)"", 34.4), (""MISS Nash 25' 3PT Jump Shot"", 55.3), (""'Stoudemire Free Throw 1 of 2 (16 PTS)'"", 23.1), (""'Stoudemire Free Throw 2 of 2 (17 PTS)'"", 20.7), (""'MISS Bowen  3PT Jump Shot'"", 63.1)]"
POR,20071217,[]
NJN,20071218,"[(""MISS Kidd 25' 3PT Jump Shot"", 20.4), (""'MISS Wright  3PT Jump Shot'"", 21.0), (""Garcia 25' 3PT Jump Shot (24 PTS) (Salmons 7 AST)"", 28.2)]"
CHI,20071218,[]
LAC,20071218,[]
WAS,20071219,"[(""'MISS Gordon  3PT Jump Shot'"", 21.2)]"
CHA,20071219,[]
ATL,20071219,"[(""MISS Johnson 28' 3PT Jump Shot"", 20.8), (""'MISS Horford  Layup'"", 24.7), (""'Haslem  Dunk (11 PTS) (Wade 10 AST)'"", 25.8), (""Johnson 6' Running Jump Shot (21 PTS) (Johnson 9 AST)"", 23.3), (""MISS Davis 24' 3PT Jump Shot"", 50.3), (""''"", 50.0), (""'winProb swing: 12.4%'"", 39.3), (""'winProb swing: 16.5%'"", 35.7)]"
IND,20071219,[]
BOS,20071219,"[(""Allen 25' 3PT Jump Shot (24 PTS)"", 33.3), (""MISS Pierce 16' Jump Shot"", 45.0)]"
NYK,20071219,[]
MIL,20071219,[]
MEM,20071219,"[(""MISS Stoudamire 23' Jump Shot"", 23.8), (""MISS Bonner 18' Jump Shot"", 48.9), (""'Ginobili  Dunk (20 PTS) (Duncan 4 AST)'"", 42.0), (""Gay 27' 3PT Jump Shot (23 PTS)"", 49.4)]"
MIN,20071219,[]
HOU,20071219,[]
DAL,20071219,"[(""MISS Nash 25' 3PT Jump Shot"", 44.3)]"
POR,20071219,[]
SEA,20071219,[]
MIA,20071220,"[(""MISS Haslem 13' Fadeaway Jumper"", 23.6), (""Carter 24' 3PT Jump Shot (27 PTS) (Jefferson 2 AST)"", 63.1), (""Haslem 17' Jump Shot (14 PTS)"", 48.0), (""''"", 50.0)]"
CLE,20071220,"[(""MISS Pavlovic 27' 3PT Jump Shot"", 24.1), (""'MISS Gibson  3PT Jump Shot'"", 27.7), (""MISS Walton 12' Turnaround Fadeaway Shot"", 20.7), (""MISS Fisher 28' 3PT Jump Shot"", 41.2), (""MISS Odom 24' 3PT Jump Shot"", 51.6), (""'MISS Bynum Free Throw 1 of 2'"", 20.2), (""MISS Bryant 28' 3PT Jump Shot"", 69.1)]"
DEN,20071220,"[(""Head 26' 3PT Jump Shot (20 PTS) (Alston 9 AST)"", 32.6), (""MISS Carter 22' Jump Shot"", 34.3), (""'Camby REBOUND (Off:3 Def:8)'"", 23.5), (""MISS Yao 14' Turnaround Jump Shot"", 48.0), (""''"", 50.0)]"
BOS,20071221,[]
PHI,20071221,[]
WAS,20071221,"[(""MISS Johnson 24' 3PT Jump Shot"", 24.2), (""MISS Jamison 6' Jump Shot"", 22.7), (""Johnson 4' Jump Shot (28 PTS) (Smith 4 AST)"", 23.0), (""Stevenson 18' Jump Shot (18 PTS)"", 21.4), (""Smith 24' 3PT Jump Shot (16 PTS) (Johnson 8 AST)"", 37.9), (""MISS Smith 19' Jump Shot"", 23.7), (""'Childress  Layup (4 PTS)'"", 23.7), (""MISS Young 25' 3PT Jump Shot"", 34.6)]"
CHA,20071221,[]
ORL,20071221,[]
DET,20071221,[]
MIN,20071221,[]
DAL,20071221,[]
POR,20071221,"[(""Outlaw 4' Jump Bank Shot (10 PTS)"", 22.0), (""'Anthony  Layup (34 PTS)'"", 20.7), (""MISS Roy 5' Jump Shot"", 25.8), (""'MISS Iverson  Driving Finger Roll Layup'"", 28.0), (""MISS Anthony 11' Jump Shot"", 35.9), (""MISS Kleiza 24' 3PT Jump Shot"", 48.7)]"
SEA,20071221,[]
IND,20071222,[]
NJN,20071222,"[(""Davis 25' 3PT Jump Shot (15 PTS)"", 20.2), (""MISS Kidd 25' 3PT Jump Shot"", 22.4), (""MISS Nachbar 24' 3PT Jump Shot"", 25.4), (""MISS Davis 25' 3PT Jump Shot"", 27.8), (""'MISS Davis  Driving Layup'"", 21.2), (""MISS Jackson 26' 3PT Jump Shot"", 29.2), (""'Carter  3PT Jump Shot (23 PTS) (Jefferson 5 AST)'"", 53.8)]"
MIA,20071222,"[(""Kirilenko 25' 3PT Jump Shot (21 PTS) (Boozer 3 AST)"", 21.4), (""MISS Wade 20' Jump Shot"", 21.9), (""Cook 24' 3PT Jump Shot (15 PTS)"", 52.8), (""Boozer 16' Fadeaway Jumper (10 PTS)"", 26.5), (""Wade 20' Jump Shot (20 PTS)"", 48.0)]"
MEM,20071222,"[(""'Gasol  Alley Oop Layup (27 PTS) (Navarro 1 AST)'"", 24.9), (""Miller 21' Jump Shot (29 PTS)"", 33.5), (""'Gasol  Layup (31 PTS)'"", 35.1), (""Iguodala 20' Jump Shot (23 PTS)"", 43.9)]"
NOH,20071222,[]
CHI,20071222,[]
MIL,20071222,[]
SAS,20071222,[]
PHO,20071222,[]
NYK,20071223,"[(""MISS Crawford 24' 3PT Jump Shot"", 39.0), (""Bryant 14' Jump Shot (39 PTS)"", 21.9)]"
DET,20071223,[]
CLE,20071223,[]
BOS,20071223,[]
SAC,20071223,"[(""MISS Salmons 19' Jump Shot"", 20.3), (""Udrih 18' Jump Shot (12 PTS)"", 22.3), (""MISS Kleiza 24' 3PT Jump Shot"", 32.6), (""'Anthony REBOUND (Off:2 Def:10)'"", 20.6), (""MISS Iverson 9' Jump Shot"", 64.2), (""Kleiza 22' Turnaround Jump Shot (12 PTS)"", 93.4)]"
CLE,20071225,[]
LAL,20071225,[]
POR,20071225,[]
PHI,20071226,[]
CHA,20071226,[]
ATL,20071226,[]
ORL,20071226,[]
NJN,20071226,[]
MEM,20071226,[]
SAS,20071226,[]
DEN,20071226,[]
UTA,20071226,[]
SAC,20071226,[]
GSW,20071226,[]
DAL,20071227,[]
LAC,20071227,[]
SEA,20071227,[]
CHA,20071228,[]
NJN,20071228,"[(""MISS Mason Jr. 25' 3PT Jump Shot"", 33.1)]"
MIA,20071228,"[(""'MISS Arroyo  Driving Layup'"", 22.9), (""MISS Turkoglu 25' 3PT Jump Shot"", 32.3), (""Lewis 26' 3PT Jump Shot (17 PTS) (Arroyo 4 AST)"", 47.1), (""'Wade Free Throw 1 of 2 (47 PTS)'"", 22.1), (""'Arroyo Free Throw 1 of 2 (8 PTS)'"", 25.3), (""'Arroyo Free Throw 2 of 2 (9 PTS)'"", 22.8), (""MISS Wade 20' Jump Shot"", 51.0), (""Cook 27' 3PT Jump Shot (6 PTS) (Wade 9 AST)"", 44.3), (""MISS Bogans 53' 3PT Jump Shot"", 50.3), (""''"", 50.0)]"
DET,20071228,[]
MEM,20071228,[]
CHI,20071228,"[(""Gordon 25' 3PT Jump Shot (24 PTS)"", 22.0)]"
SAS,20071228,[]
PHO,20071228,"[(""Cassell 26' 3PT Jump Shot (21 PTS) (Maggette 4 AST)"", 21.1), (""'Stoudemire  Layup (26 PTS) (Nash 9 AST)'"", 20.4)]"
SAC,20071228,[]
POR,20071228,[]
LAL,20071228,[]
GSW,20071228,"[(""Davis 5' Driving Bank Shot (27 PTS)"", 20.8), (""Iverson 9' Running Bank Shot (39 PTS)"", 25.4), (""MISS Jackson 26' 3PT Jump Shot"", 55.6)]"
DAL,20071229,[]
WAS,20071229,[]
ORL,20071229,[]
IND,20071229,"[(""MISS Granger 26' 3PT Jump Shot"", 20.9), (""MISS O'Neal 16' Jump Shot"", 20.4)]"
NOH,20071229,[]
MIL,20071229,"[(""MISS Carter 27' 3PT Jump Shot"", 23.9), (""MISS Allen 21' Jump Shot"", 22.7), (""Kidd 26' 3PT Jump Shot (16 PTS) (Carter 6 AST)"", 36.8), (""Yi 21' Jump Shot (12 PTS) (Bogut 5 AST)"", 22.1), (""'Carter  Reverse Layup (21 PTS)'"", 27.8)]"
HOU,20071229,[]
UTA,20071229,"[(""Allen 25' 3PT Jump Shot (23 PTS)"", 28.5), (""MISS Okur 25' 3PT Jump Shot"", 26.0), (""MISS Pierce 15' Jump Shot"", 21.8), (""'Allen REBOUND (Off:1 Def:3)'"", 20.4), (""'Pierce  Driving Layup (22 PTS)'"", 33.5), (""MISS Miles 25' 3PT Jump Shot"", 51.6)]"
SEA,20071229,[]
NYK,20071230,[]
POR,20071230,[]
DEN,20071230,[]
SAS,20071230,[]
SAC,20071230,[]
LAL,20071230,[]
CHA,20071231,"[(""MISS Wallace 14' Fadeaway Jumper"", 24.2), (""O'Neal 15' Jump Shot (18 PTS) (Owens 2 AST)"", 34.2), (""'MISS Wallace  Layup'"", 27.8), (""'Okafor  Tip Shot (8 PTS)'"", 27.8), (""MISS O'Neal 17' Jump Shot"", 41.2), (""'MISS Wallace  Layup'"", 48.0), (""''"", 50.0)]"
CHI,20071231,"[(""Turkoglu 25' 3PT Jump Shot (10 PTS) (Lewis 5 AST)"", 23.0), (""MISS Turkoglu 25' 3PT Jump Shot"", 25.4), (""'MISS Nocioni  Layup'"", 21.2), (""'Wallace  Putback Layup (2 PTS)'"", 21.2), (""MISS Gordon 22' Jump Shot"", 36.8), (""'Bogans REBOUND (Off:1 Def:2)'"", 24.1), (""'MISS Turkoglu  Layup'"", 45.0), (""'MISS Howard  Layup'"", 43.9), (""''"", 50.0)]"
DET,20071231,[]
HOU,20071231,[]
NOH,20071231,"[(""Calderon 24' 3PT Jump Shot (13 PTS) (Parker 5 AST)"", 23.8), (""MISS Calderon 24' 3PT Jump Shot"", 23.6), (""'Bosh  Driving Layup (26 PTS)'"", 20.1), (""'MISS Bosh  Layup'"", 23.7), (""'MISS Paul Free Throw 1 of 2'"", 21.4), (""MISS Stojakovic 26' 3PT Jump Shot"", 43.0)]"
UTA,20071231,[]
LAC,20071231,[]
SEA,20071231,[]
WAS,20080102,[]
CHA,20080102,[]
ORL,20080102,"[(""MISS Turkoglu 26' 3PT Jump Shot"", 20.2), (""MISS Carter 24' 3PT Jump Shot"", 22.0), (""Lewis 5' Running Jump Shot (14 PTS)"", 21.4), (""MISS Jefferson 23' Jump Shot"", 23.6), (""'MISS Turkoglu  Layup'"", 21.2), (""'MISS Howard  Layup'"", 21.4), (""'MISS Carter  Layup'"", 28.5), (""Armstrong 19' Jump Shot (13 PTS) (Carter 6 AST)"", 29.3), (""Turkoglu 20' Jump Shot (23 PTS)"", 33.7), (""'Carter Free Throw 1 of 2 (17 PTS)'"", 21.4), (""MISS Turkoglu 15' Fadeaway Jumper"", 41.1), (""'MAGIC Rebound'"", 20.7), (""MISS Bogans 20' Jump Shot"", 78.5)]"
CLE,20080102,"[(""MISS Johnson 26' 3PT Jump Shot"", 21.5)]"
IND,20080102,[]
BOS,20080102,"[(""MISS Battier 24' 3PT Jump Shot"", 21.5)]"
NYK,20080102,[]
MIA,20080102,[]
MIN,20080102,[]
DAL,20080102,[]
UTA,20080102,[]
LAC,20080102,[]
CHI,20080103,"[(""MISS Smith 13' Turnaround Jump Shot"", 22.2), (""Gordon 16' Jump Shot (24 PTS) (Smith 1 AST)"", 22.7), (""MISS Roy 20' Jump Shot"", 28.9), (""'MISS Roy  Layup'"", 30.7), (""'Hinrich REBOUND (Off:0 Def:4)'"", 20.6), (""MISS Gordon 20' Jump Shot"", 34.2), (""'Roy REBOUND (Off:0 Def:5)'"", 23.1), (""MISS Roy 19' Jump Shot"", 48.0), (""''"", 50.0)]"
DEN,20080103,"[(""Carter 26' 3PT Jump Shot (7 PTS) (Camby 2 AST)"", 21.4), (""'Martin  Layup (4 PTS) (Carter 2 AST)'"", 30.4), (""'MISS Parker  Layup'"", 34.0), (""MISS Bowen 20' Jump Shot"", 35.1), (""MISS Finley 24' 3PT Jump Shot"", 44.3)]"
PHO,20080103,[]
TOR,20080104,[]
ORL,20080104,"[(""MISS Lewis 26' 3PT Jump Shot"", 32.4), (""'Lewis  3PT Jump Shot (16 PTS) (Nelson 4 AST)'"", 33.3), (""'Alston  Driving Layup (20 PTS)'"", 42.9), (""'MISS Lewis  Layup'"", 42.6)]"
IND,20080104,[]
BOS,20080104,[]
NJN,20080104,[]
CLE,20080104,"[(""MISS James 28' 3PT Jump Shot"", 24.0), (""MISS Udrih 28' 3PT Jump Shot"", 26.2), (""MISS Gibson 24' 3PT Jump Shot"", 27.8), (""MISS Ilgauskas 20' Jump Shot"", 21.1), (""'Varejao  Layup (11 PTS)'"", 21.6), (""MISS James 25' 3PT Jump Shot"", 29.4), (""Gibson 26' 3PT Jump Shot (13 PTS) (Brown 3 AST)"", 26.7)]"
MIN,20080104,[]
MIL,20080104,[]
SAS,20080104,[]
DAL,20080104,"[(""MISS Nowitzki 24' 3PT Jump Shot"", 23.3), (""'MISS Davis  Running Reverse Layup'"", 51.0)]"
LAL,20080104,[]
GSW,20080104,[]
ATL,20080105,[]
DET,20080105,"[(""MISS Billups 27' 3PT Jump Shot"", 20.6), (""MISS Billups 25' 3PT Jump Shot"", 33.1)]"
CHI,20080105,"[(""MISS Gordon 26' 3PT Jump Shot"", 20.7), (""'Gordon  3PT Jump Shot (20 PTS) (Hinrich 5 AST)'"", 39.4), (""MISS Gordon 20' Jump Shot"", 29.5), (""'MISS Gordon  Layup'"", 33.7), (""'Garcia REBOUND (Off:1 Def:6)'"", 22.4), (""MISS Miller 20' Jump Shot"", 93.4)]"
HOU,20080105,[]
PHO,20080105,"[(""MISS Nash 26' 3PT Jump Shot"", 21.9), (""Paul 26' 3PT Jump Shot (25 PTS) (Stojakovic 1 AST)"", 23.7), (""MISS Pargo 25' 3PT Jump Shot"", 24.9)]"
POR,20080105,[]
TOR,20080106,"[(""James 26' 3PT Jump Shot (31 PTS)"", 20.1), (""MISS Parker 25' 3PT Jump Shot"", 22.2), (""James 26' 3PT Jump Shot (34 PTS)"", 21.0), (""James 7' Running Jump Shot (36 PTS)"", 21.7), (""MISS Moon 25' 3PT Jump Shot"", 34.4)]"
WAS,20080106,[]
MIN,20080106,[]
LAC,20080106,[]
MEM,20080106,"[(""'Gasol  Layup (28 PTS) (Gay 5 AST)'"", 21.0), (""'MISS Davis  3PT Jump Shot'"", 33.4)]"
CHA,20080106,"[(""MISS Bell 18' Jump Shot"", 26.7), (""'MISS Felton  Layup'"", 31.1), (""'Bucks Rebound'"", 20.7), (""Bogut 7' Hook Shot (25 PTS) (Simmons 2 AST)"", 34.6)]"
DEN,20080106,[]
LAL,20080106,[]
PHO,20080107,[]
GSW,20080107,"[(""MISS Finley 26' 3PT Jump Shot"", 30.1), (""Parker 24' 3PT Jump Shot (27 PTS) (Ginobili 3 AST)"", 37.8), (""MISS Pietrus 25' 3PT Jump Shot"", 50.2), (""''"", 50.0)]"
PHI,20080108,"[(""MISS Green 25' 3PT Jump Shot"", 21.1)]"
WAS,20080108,[]
CHA,20080108,[]
CLE,20080108,[]
MEM,20080108,[]
MIN,20080108,[]
CHI,20080108,"[(""MISS Marbury 25' 3PT Jump Shot"", 25.3), (""MISS Gordon 20' Jump Shot"", 20.1), (""'Lee  Dunk (11 PTS) (Marbury 5 AST)'"", 20.8)]"
UTA,20080108,[]
SAC,20080108,[]
TOR,20080109,[]
ATL,20080109,[]
BOS,20080109,[]
NJN,20080109,[]
NYK,20080109,[]
MIL,20080109,[]
NOH,20080109,[]
DAL,20080109,[]
PHO,20080109,"[(""MISS Dunleavy 26' 3PT Jump Shot"", 22.3), (""MISS Tinsley 28' 3PT Jump Shot"", 22.8), (""MISS Bell 24' 3PT Jump Shot"", 34.9), (""Stoudemire 10' Jump Shot (18 PTS) (Diaw 6 AST)"", 26.1), (""MISS Tinsley 20' Jump Shot"", 43.7), (""MISS Barbosa 15' Jump Shot"", 48.0), (""''"", 50.0)]"
POR,20080109,[]
LAC,20080109,"[(""Lewis 25' 3PT Jump Shot (20 PTS) (Turkoglu 5 AST)"", 21.8)]"
SAS,20080110,[]
SAC,20080110,"[(""MISS Salmons 25' 3PT Jump Shot"", 29.6), (""Gay 27' 3PT Jump Shot (31 PTS) (Miller 4 AST)"", 29.3), (""'Garcia  3PT Jump Shot (22 PTS) (Salmons 7 AST)'"", 62.5)]"
UTA,20080110,[]
PHI,20080111,[]
NJN,20080111,[]
NYK,20080111,[]
ATL,20080111,"[(""Butler 28' 3PT Jump Shot (19 PTS)"", 24.1), (""Johnson 27' 3PT Jump Shot (22 PTS)"", 23.5), (""MISS Butler 27' 3PT Jump Shot"", 29.3), (""MISS Jamison 26' 3PT Jump Shot"", 38.6), (""MISS Butler 7' Jump Shot"", 33.6), (""'Blatche REBOUND (Off:6 Def:2)'"", 22.4), (""'MISS Blatche  Tip Shot'"", 34.0), (""'Smith REBOUND (Off:3 Def:5)'"", 22.6), (""'MISS Williams  Running Layup'"", 36.3), (""'Butler REBOUND (Off:0 Def:6)'"", 23.8), (""MISS Butler 28' 3PT Jump Shot"", 50.3), (""''"", 50.0)]"
CLE,20080111,"[(""James 25' 3PT Jump Shot (19 PTS)"", 30.6), (""Mohammed 1' Dunk (21 PTS) (Felton 11 AST)"", 23.4), (""Hughes 1' Driving Layup (14 PTS)"", 26.7), (""MISS Mohammed 5' Jump Shot"", 30.4), (""MISS James 25' 3PT Jump Shot"", 29.3), (""Felton 24' 3PT Jump Shot (12 PTS)"", 48.7), (""''"", 50.0)]"
NOH,20080111,[]
HOU,20080111,[]
DEN,20080111,"[(""MISS Lewis 25' 3PT Jump Shot"", 20.7)]"
LAL,20080111,[]
GSW,20080111,[]
SEA,20080111,[]
WAS,20080112,"[(""Daniels 26' 3PT Jump Shot (9 PTS) (Jamison 2 AST)"", 31.7), (""MISS Allen 25' 3PT Jump Shot"", 21.2), (""MISS Posey 24' 3PT Jump Shot"", 21.0)]"
CHA,20080112,"[(""MISS Hamilton 24' 3PT Jump Shot"", 20.1), (""Billups 28' 3PT Jump Shot (27 PTS) (Prince 2 AST)"", 30.2), (""MISS Wallace 27' 3PT Jump Shot"", 39.3), (""MISS Prince 10' Jump Shot"", 33.3), (""'Wallace REBOUND (Off:2 Def:4)'"", 22.1), (""'MISS Billups  Layup'"", 41.2), (""'MISS Wallace  Layup'"", 43.9), (""MISS Hamilton 18' Jump Shot"", 48.0), (""''"", 50.0)]"
SAS,20080112,[]
UTA,20080112,[]
PHO,20080112,[]
SAC,20080112,"[(""MISS Martin 13' Jump Shot"", 23.7)]"
LAC,20080112,"[(""Nowitzki 19' Jump Shot (22 PTS) (Terry 3 AST)"", 22.0), (""MISS Mobley 12' Jump Shot"", 28.5), (""MISS Harris 15' Jump Shot"", 33.5), (""'CLIPPERS Rebound'"", 21.8), (""Stackhouse 26' 3PT Jump Shot (13 PTS) (Terry 4 AST)"", 94.2)]"
TOR,20080113,"[(""'MISS Bosh  Driving Layup'"", 48.0), (""''"", 50.0)]"
ATL,20080113,[]
HOU,20080113,"[(""'Butler  Driving Dunk (2 PTS) (Paul 11 AST)'"", 23.1), (""MISS West 18' Jump Shot"", 21.6), (""'Yao Free Throw 1 of 2 (29 PTS)'"", 20.2), (""'Paul  Driving Layup (15 PTS)'"", 34.2), (""MISS Yao 6' Hook Shot"", 37.3), (""'Peterson REBOUND (Off:0 Def:3)'"", 20.2), (""MISS Yao 26' 3PT Jump Shot"", 39.7)]"
NYK,20080113,[]
GSW,20080113,"[(""Dunleavy 27' 3PT Jump Shot (17 PTS) (Granger 2 AST)"", 20.9), (""MISS Biedrins 3' Reverse Layup"", 20.3), (""Ellis 2' Driving Reverse Layup (26 PTS) (Davis 6 AST)"", 22.6), (""MISS Davis 6' Fadeaway Jumper"", 20.9), (""Ellis 1' Tip Shot (29 PTS)"", 21.0), (""MISS Jackson 26' 3PT Jump Shot"", 29.4), (""MISS Ellis 3' Floating Jump Shot"", 22.9), (""'Biedrins REBOUND (Off:1 Def:4)'"", 20.2), (""Biedrins 2' Putback Layup (2 PTS)"", 22.9), (""MISS Tinsley 26' 3PT Jump Shot"", 38.7)]"
LAL,20080113,"[(""Miller 28' 3PT Jump Shot (27 PTS) (Gasol 8 AST)"", 21.4), (""MISS Fisher 26' 3PT Jump Shot"", 23.7), (""MISS Navarro 27' 3PT Jump Shot"", 25.9), (""Navarro 25' 3PT Jump Shot (8 PTS) (Lowry 5 AST)"", 26.9), (""'MISS Walton  Layup'"", 22.6), (""'MISS Odom  Tip Shot'"", 22.8), (""'Bryant  Driving Layup (37 PTS)'"", 23.2), (""'Gay  3PT Jump Shot (11 PTS) (Lowry 6 AST)'"", 33.1), (""'Brown Free Throw 1 of 2 (3 PTS)'"", 20.1), (""'MISS Lowry  Layup'"", 78.5), (""MISS Warrick 27' 3PT Jump Shot"", 96.0)]"
CHA,20080114,"[(""MISS Carter 27' 3PT Jump Shot"", 22.8), (""Richardson 25' 3PT Jump Shot (15 PTS) (Felton 15 AST)"", 21.4), (""MISS Carter 25' 3PT Jump Shot"", 38.6), (""'Anthony Free Throw 1 of 2 (35 PTS)'"", 21.4), (""'MISS Anthony Free Throw 2 of 2'"", 22.3)]"
BOS,20080114,"[(""Stevenson 24' 3PT Jump Shot (14 PTS) (Daniels 9 AST)"", 30.9), (""MISS Pierce 13' Jump Shot"", 28.1), (""MISS Garnett 3' Layup"", 28.3), (""Garnett 2' Tip Shot (23 PTS)"", 28.7), (""Butler 3' Driving Layup (16 PTS)"", 24.8), (""MISS Garnett 24' 3PT Jump Shot"", 53.1), (""'Pierce Free Throw 1 of 2 (17 PTS)'"", 21.4), (""Butler 2' Driving Finger Roll Layup (19 PTS)"", 36.9), (""MISS Garnett 13' Turnaround Fadeaway Shot"", 48.9), (""MISS Allen 27' 3PT Jump Shot"", 44.3)]"
NJN,20080114,[]
SAS,20080114,"[(""Ginobili 24' 3PT Jump Shot (14 PTS) (Udoka 1 AST)"", 20.1)]"
UTA,20080114,[]
SAC,20080114,"[(""'Udrih  Driving Layup (12 PTS)'"", 23.5), (""'Salmons  Driving Layup (18 PTS)'"", 23.3), (""'Harris  3PT Jump Shot (25 PTS) (Jones 3 AST)'"", 32.7), (""'Salmons  Driving Layup (20 PTS)'"", 33.7), (""Terry 6' Jump Shot (22 PTS)"", 26.3), (""Martin 8' Jump Shot (38 PTS) (Miller 6 AST)"", 43.6), (""Terry 7' Jump Shot (25 PTS)"", 32.7), (""Salmons 8' Running Jump Shot (22 PTS)"", 45.0), (""MISS Terry 38' 3PT Jump Shot"", 94.2)]"
SEA,20080114,"[(""Fisher 27' 3PT Jump Shot (12 PTS) (Walton 6 AST)"", 20.9), (""'MISS Bryant  Layup'"", 20.2), (""Bryant 25' 3PT Jump Shot (42 PTS) (Walton 7 AST)"", 35.8), (""MISS Ridnour 26' 3PT Jump Shot"", 41.5), (""Durant 26' 3PT Jump Shot (19 PTS) (Ridnour 11 AST)"", 32.1), (""MISS Bryant 26' 3PT Jump Shot"", 45.0), (""'Collison REBOUND (Off:6 Def:9)'"", 23.1), (""MISS Durant 23' Jump Shot"", 41.2), (""MISS Green 27' 3PT Jump Shot"", 50.2), (""''"", 50.0)]"
ATL,20080115,[]
ORL,20080115,[]
NYK,20080115,[]
DET,20080115,[]
MEM,20080115,"[(""'Gay  3PT Jump Shot (30 PTS) (Conley 5 AST)'"", 20.5), (""'MISS Navarro  3PT Jump Shot'"", 29.3), (""'MISS Gibson  3PT Jump Shot'"", 31.3), (""'MISS Ilgauskas  Layup'"", 21.3), (""'MISS Jones  3PT Jump Shot'"", 35.2), (""'Ilgauskas  Dunk (14 PTS)'"", 20.6), (""Gasol 18' Jump Shot (17 PTS) (Conley 7 AST)"", 25.0), (""MISS Ilgauskas 19' Jump Shot"", 23.6), (""'James  Alley Oop Layup (40 PTS) (Jones 1 AST)'"", 23.7), (""MISS Miller 26' 3PT Jump Shot"", 50.5), (""Navarro 25' 3PT Jump Shot (25 PTS) (Gasol 5 AST)"", 35.1), (""MISS James 19' Pullup Jump Shot"", 43.9), (""''"", 50.0)]"
MIN,20080115,[]
HOU,20080115,"[(""MISS Head 25' 3PT Jump Shot"", 25.5), (""Alston 26' 3PT Jump Shot (17 PTS) (Yao 1 AST)"", 20.4), (""'Dalembert  Alley Oop Layup (19 PTS) (Iguodala 5 AST)'"", 23.6)]"
LAC,20080115,[]
TOR,20080116,[]
CHA,20080116,"[(""MISS Turkoglu 27' 3PT Jump Shot"", 20.2)]"
MIA,20080116,[]
IND,20080116,"[(""MISS Harrington 24' 3PT Jump Shot"", 30.1), (""MISS Diener 17' Jump Shot"", 22.0), (""Rush 17' Pullup Jump Shot (19 PTS) (Foster 4 AST)"", 23.1), (""MISS Jackson 25' 3PT Pullup Jump Shot"", 32.6)]"
BOS,20080116,[]
NJN,20080116,"[(""Crawford 19' Jump Bank Shot (31 PTS)"", 24.5), (""Crawford 24' 3PT Jump Shot (34 PTS) (Robinson 4 AST)"", 38.4), (""MISS Kidd 26' 3PT Jump Shot"", 32.7)]"
MIL,20080116,"[(""Bell 24' 3PT Jump Shot (3 PTS) (Villanueva 1 AST)"", 21.9)]"
NOH,20080116,[]
SAS,20080117,"[(""MISS James 26' 3PT Jump Shot"", 20.6), (""'MISS Gibson  3PT Jump Shot'"", 26.1), (""Parker 1' Layup (23 PTS)"", 23.0), (""Gibson 24' 3PT Jump Shot (11 PTS) (Hughes 3 AST)"", 40.1), (""Duncan 2' Layup (20 PTS) (Parker 6 AST)"", 23.4), (""James 3' Layup (27 PTS)"", 32.6), (""MISS Ginobili 13' Jump Shot"", 42.6)]"
DEN,20080117,[]
LAL,20080117,[]
TOR,20080118,[]
WAS,20080118,[]
MIA,20080118,"[(""MISS Wade 5' Jump Shot"", 21.2)]"
BOS,20080118,[]
DET,20080118,[]
MEM,20080118,[]
NOH,20080118,[]
UTA,20080118,[]
PHO,20080118,[]
CHI,20080118,"[(""MISS Nocioni 24' 3PT Jump Shot"", 32.3), (""Jackson 24' 3PT Jump Shot (22 PTS) (Davis 4 AST)"", 29.3)]"
PHI,20080119,[]
CHA,20080119,[]
ORL,20080119,[]
IND,20080119,"[(""MISS Granger 16' Jump Shot"", 22.0)]"
MIA,20080119,"[(""MISS Wade 22' Jump Shot"", 21.3), (""MISS Wade 25' 3PT Jump Shot"", 37.8), (""MISS Cook 24' 3PT Jump Shot"", 43.0)]"
CHI,20080119,[]
MIL,20080119,[]
HOU,20080119,"[(""MISS Scola 18' Jump Shot"", 21.0), (""MISS Alston 18' Jump Shot"", 22.6), (""MISS Duncan 19' Jump Shot"", 34.4), (""MISS Bonner 11' Jump Shot"", 48.0)]"
DAL,20080119,[]
DEN,20080119,"[(""Walker 26' 3PT Jump Shot (14 PTS) (Jefferson 3 AST)"", 28.2), (""Iverson 25' 3PT Jump Shot (31 PTS) (Anthony 3 AST)"", 21.1), (""'MISS Iverson  Layup'"", 29.9), (""Iverson 13' Fadeaway Jumper (33 PTS) (Carter 5 AST)"", 34.2), (""MISS Walker 18' Jump Shot"", 45.2), (""MISS McCants 27' 3PT Jump Shot"", 44.3)]"
LAC,20080119,"[(""'MISS Jefferson  Layup'"", 22.6), (""'MISS Boone  Reverse Layup'"", 22.9), (""Kidd 26' 3PT Jump Shot (10 PTS) (Carter 5 AST)"", 37.8), (""'MISS Thomas  Layup'"", 45.0), (""''"", 50.0)]"
PHO,20080120,[]
NYK,20080121,[]
WAS,20080121,[]
CHA,20080121,[]
PHI,20080121,[]
ATL,20080121,"[(""'MISS Roy  Driving Layup'"", 36.8), (""'Horford REBOUND (Off:1 Def:9)'"", 23.8), (""MISS Johnson 21' Fadeaway Jumper"", 48.0), (""''"", 50.0)]"
HOU,20080121,[]
NOH,20080121,[]
LAC,20080121,[]
GSW,20080121,"[(""MISS Jackson 26' 3PT Jump Shot"", 22.8), (""MISS Jaric 26' 3PT Jump Shot"", 29.0), (""MISS Jaric 15' Jump Shot"", 22.9), (""MISS Jackson 26' 3PT Jump Shot"", 34.6), (""MISS Davis 25' 3PT Jump Shot"", 51.6), (""MISS Jaric 25' 3PT Jump Shot"", 24.7), (""MISS Davis 2' Layup"", 93.4), (""'MISS Harrington  Tip Shot'"", 93.4)]"
MEM,20080121,[]
ORL,20080121,"[(""MISS Wallace 27' 3PT Jump Shot"", 32.8), (""Billups 32' 3PT Jump Shot (18 PTS)"", 40.8), (""Lewis 12' Jump Bank Shot (16 PTS)"", 48.0)]"
MIA,20080121,[]
LAL,20080121,[]
MIL,20080122,"[(""MISS Villanueva 27' 3PT Jump Shot"", 24.0), (""Nash 26' 3PT Jump Shot (30 PTS)"", 22.6)]"
SAC,20080122,[]
PHI,20080123,[]
CHA,20080123,[]
CLE,20080123,[]
BOS,20080123,"[(""Delfino 25' 3PT Jump Shot (15 PTS) (Calderon 12 AST)"", 21.4), (""Garnett 3' Slam Dunk (26 PTS) (Pierce 9 AST)"", 21.1), (""MISS Pierce 16' Jump Shot"", 23.4), (""'Calderon Free Throw 1 of 2 (20 PTS)'"", 20.6), (""MISS House 24' 3PT Jump Shot"", 56.2), (""'Allen REBOUND (Off:3 Def:2)'"", 20.5), (""Allen 17' Jump Shot (19 PTS)"", 40.0), (""Calderon 1' Driving Layup (23 PTS)"", 45.2), (""MISS House 22' Jump Shot"", 42.0), (""MISS Allen 9' Jump Shot"", 48.0)]"
MEM,20080123,[]
NOH,20080123,[]
MIN,20080123,[]
CHI,20080123,[]
SAS,20080123,[]
DEN,20080123,[]
SEA,20080123,"[(""Battier 25' 3PT Jump Shot (11 PTS) (Alston 8 AST)"", 20.1), (""MISS McGrady 16' Jump Shot"", 20.5), (""MISS Alston 26' 3PT Jump Shot"", 34.0), (""McGrady 24' 3PT Jump Shot (26 PTS) (Battier 3 AST)"", 35.5), (""Thomas 16' Jump Shot (16 PTS) (Ridnour 8 AST)"", 26.6), (""McGrady 4' Running Jump Shot (28 PTS)"", 29.1), (""MISS Ridnour 5' Running Jump Shot"", 31.6), (""Alston 25' 3PT Jump Shot (18 PTS) (McGrady 5 AST)"", 28.8), (""MISS Durant 6' Jump Shot"", 42.6), (""MISS Durant 25' 3PT Jump Shot"", 94.2)]"
LAC,20080123,[]
MIA,20080124,"[(""'MISS Bowen  3PT Jump Shot'"", 26.2), (""MISS Wade 18' Jump Shot"", 22.8), (""'Ginobili  Driving Layup (18 PTS)'"", 32.6), (""MISS Wade 16' Jump Bank Shot"", 38.5), (""'HEAT Rebound'"", 20.7)]"
MIL,20080124,[]
GSW,20080124,"[(""'Wright  3PT Jump Shot (13 PTS) (Kidd 12 AST)'"", 30.0), (""MISS Harrington 26' 3PT Jump Shot"", 36.0), (""MISS Carter 3' Jump Shot"", 20.4), (""'Boone  Tip Shot (21 PTS)'"", 20.4), (""MISS Jefferson 26' 3PT Jump Shot"", 28.6), (""MISS Wright 24' 3PT Jump Shot"", 50.0), (""MISS Kidd 26' 3PT Jump Shot"", 52.2), (""Davis 1' Layup (25 PTS) (Jackson 7 AST)"", 23.7)]"
TOR,20080125,[]
WAS,20080125,[]
CLE,20080125,"[(""MISS Jones 24' 3PT Jump Shot"", 26.5), (""James 19' Jump Shot (34 PTS)"", 21.7), (""MISS James 1' Layup"", 29.1), (""James 1' Driving Layup (36 PTS)"", 26.3), (""Marion 10' Running Jump Shot (7 PTS) (Diaw 9 AST)"", 43.9), (""MISS Jones 28' 3PT Jump Shot"", 94.2)]"
BOS,20080125,"[(""MISS Allen 25' 3PT Jump Shot"", 23.8), (""MISS Allen 1' Layup"", 37.9), (""'Perkins REBOUND (Off:3 Def:1)'"", 20.2), (""'Perkins  Putback Dunk (21 PTS)'"", 38.5)]"
NYK,20080125,[]
DET,20080125,[]
NOH,20080125,[]
CHI,20080125,[]
DAL,20080125,[]
DEN,20080125,[]
UTA,20080125,[]
POR,20080125,[]
SEA,20080125,[]
MIA,20080126,"[(""MISS Rush 24' 3PT Jump Shot"", 62.5), (""MISS Owens 39' 3PT Jump Shot"", 94.2)]"
CHA,20080126,[]
MEM,20080126,"[(""MISS Cassell 26' 3PT Jump Shot"", 29.4), (""'Maggette  Layup (30 PTS) (Mobley 6 AST)'"", 26.0), (""MISS Gay 42' 3PT Jump Shot"", 49.4), (""''"", 50.0)]"
SAS,20080126,[]
CHI,20080127,[]
LAL,20080127,"[(""'James  Driving Layup (37 PTS)'"", 25.4), (""MISS Hughes 7' Jump Shot"", 22.2), (""'MISS Odom  Layup'"", 31.1), (""James 22' Jump Shot (39 PTS)"", 23.3), (""MISS Fisher 26' 3PT Jump Shot"", 33.5), (""'MISS Bryant  Layup'"", 41.1), (""'Bryant REBOUND (Off:2 Def:10)'"", 20.7)]"
ORL,20080127,"[(""Allen 25' 3PT Jump Shot (17 PTS) (Pierce 4 AST)"", 33.6), (""Turkoglu 25' 3PT Jump Shot (27 PTS)"", 50.2)]"
MIL,20080127,"[(""Butler 7' Jump Shot (31 PTS)"", 26.3), (""MISS Williams 26' 3PT Jump Shot"", 50.2), (""''"", 50.0)]"
POR,20080127,"[(""'Roy  Driving Layup (23 PTS)'"", 25.5), (""MISS Johnson 21' Jump Shot"", 38.7), (""'Hawks Rebound'"", 22.7), (""'Roy Free Throw 2 of 2 (24 PTS)'"", 36.7), (""MISS Johnson 25' 3PT Jump Shot"", 96.0)]"
DAL,20080127,[]
MIN,20080127,"[(""MISS Carter 20' Jump Shot"", 23.7), (""MISS McCants 22' Jump Shot"", 42.3), (""'Jefferson REBOUND (Off:8 Def:10)'"", 20.5), (""'Jefferson Free Throw 1 of 2 (37 PTS)'"", 25.9), (""'Jefferson Free Throw 2 of 2 (38 PTS)'"", 23.4), (""MISS Jefferson 5' Jump Shot"", 53.3), (""MISS Carter 28' 3PT Jump Shot"", 44.3)]"
HOU,20080127,[]
GSW,20080127,[]
SEA,20080127,"[(""Bibby 25' 3PT Jump Shot (11 PTS) (Martin 4 AST)"", 22.3), (""'Wilkins  3PT Jump Shot (9 PTS)'"", 37.8), (""Martin 14' Jump Shot (26 PTS)"", 48.0)]"
MEM,20080128,[]
NOH,20080128,[]
UTA,20080128,[]
LAC,20080128,[]
WAS,20080129,"[(""Daniels 13' Jump Shot (11 PTS)"", 23.6), (""Parker 24' 3PT Jump Shot (8 PTS) (Moon 1 AST)"", 48.7), (""''"", 50.0)]"
IND,20080129,"[(""MISS Granger 22' Jump Shot"", 23.3)]"
NJN,20080129,"[(""Kidd 26' 3PT Jump Shot (5 PTS) (Jefferson 2 AST)"", 27.3)]"
MIA,20080129,[]
CHI,20080129,[]
HOU,20080129,"[(""MISS Harrington 25' 3PT Jump Shot"", 21.7), (""Davis 25' 3PT Jump Shot (17 PTS) (Ellis 4 AST)"", 28.9), (""Yao 8' Jump Shot (32 PTS) (Alston 12 AST)"", 20.7)]"
PHO,20080129,[]
SEA,20080129,"[(""MISS Finley 25' 3PT Jump Shot"", 21.4), (""Thomas 17' Jump Shot (10 PTS) (Durant 5 AST)"", 23.5), (""Wilcox 5' Fadeaway Jumper (16 PTS)"", 27.8), (""Ginobili 24' 3PT Jump Shot (29 PTS) (Finley 1 AST)"", 43.9), (""Durant 19' Jump Shot (26 PTS) (Wilcox 2 AST)"", 33.5), (""'MISS Oberto  Layup'"", 37.9), (""'Thomas REBOUND (Off:1 Def:5)'"", 20.6), (""MISS Ginobili 24' 3PT Jump Shot"", 39.7)]"
LAL,20080129,[]
TOR,20080130,[]
PHI,20080130,[]
ORL,20080130,[]
MEM,20080130,"[(""'Carter  Finger Roll Layup (20 PTS)'"", 20.4), (""MISS Gay 25' 3PT Jump Shot"", 37.4), (""'Kleiza  3PT Jump Shot (15 PTS) (Carter 4 AST)'"", 39.7)]"
NOH,20080130,[]
MIN,20080130,[]
UTA,20080130,[]
POR,20080130,"[(""James 25' 3PT Jump Shot (35 PTS)"", 24.1), (""Outlaw 20' Jump Shot (13 PTS) (Roy 8 AST)"", 20.4), (""MISS James 26' 3PT Jump Shot"", 33.4), (""'MISS Roy  Driving Layup'"", 20.4), (""'MISS Jones  3PT Jump Shot'"", 39.9), (""'MISS Blake  3PT Jump Shot'"", 29.0), (""'MISS James  Driving Layup'"", 33.3), (""MISS Roy 24' 3PT Jump Shot"", 21.8), (""'James  Reverse Layup (37 PTS)'"", 93.4)]"
SAC,20080130,[]
LAC,20080130,[]
DET,20080131,"[(""Bryant 20' Jump Shot (39 PTS)"", 20.3), (""MISS Bryant 21' Jump Shot"", 22.5), (""MISS Hamilton 21' Jump Shot"", 32.6), (""MISS Wallace 28' 3PT Jump Shot"", 58.7), (""'Prince  3PT Jump Shot (22 PTS) (Billups 7 AST)'"", 69.1), (""MISS Odom 19' Jump Shot"", 76.5)]"
BOS,20080131,"[(""MISS Howard 26' 3PT Jump Shot"", 20.6), (""MISS George 26' 3PT Jump Shot"", 36.0), (""MISS Pierce 16' Jump Shot"", 30.2), (""'Rondo REBOUND (Off:6 Def:6)'"", 20.3), (""Rondo 1' Reverse Layup (14 PTS)"", 30.7), (""MISS Nowitzki 1' Layup"", 26.2), (""'MISS George  Layup'"", 26.3), (""MISS Terry 3' Jump Shot"", 28.4)]"
SEA,20080131,[]
PHO,20080131,"[(""Nash 25' 3PT Jump Shot (15 PTS)"", 20.6), (""Finley 26' 3PT Jump Shot (13 PTS) (Duncan 7 AST)"", 21.1), (""Duncan 10' Jump Bank Shot (16 PTS) (Finley 2 AST)"", 34.0), (""'MISS Stoudemire Free Throw 1 of 1'"", 23.3), (""MISS Nash 24' 3PT Jump Shot"", 44.3)]"
TOR,20080201,[]
PHI,20080201,"[(""Williams 26' 3PT Jump Shot (20 PTS) (Iguodala 6 AST)"", 21.7), (""Arroyo 25' 3PT Jump Shot (14 PTS) (Lewis 5 AST)"", 28.6), (""MISS Lewis 25' 3PT Jump Shot"", 36.2), (""MISS Miller 13' Jump Shot"", 28.1), (""MISS Turkoglu 33' 3PT Jump Shot"", 44.3), (""'Magic Rebound'"", 21.8), (""MISS Williams 11' Running Jump Shot"", 37.4), (""'Dooling REBOUND (Off:0 Def:1)'"", 23.3)]"
WAS,20080201,[]
IND,20080201,"[(""MISS Granger 26' 3PT Jump Shot"", 22.0), (""MISS McGrady 24' 3PT Jump Shot"", 23.1), (""MISS Diener 26' 3PT Jump Shot"", 23.5), (""MISS Yao 15' Jump Shot"", 20.4), (""MISS Dunleavy 28' 3PT Jump Shot"", 32.4), (""Landry 12' Jump Shot (21 PTS) (Alston 3 AST)"", 23.6), (""MISS Granger 4' Jump Shot"", 22.3), (""MISS Foster 3' Layup"", 22.5), (""MISS Dunleavy 17' Jump Shot"", 23.3), (""MISS Diener 17' Jump Shot"", 24.0), (""MISS Diener 27' 3PT Jump Shot"", 69.9), (""MISS Dunleavy 29' 3PT Jump Shot"", 48.7)]"
MIA,20080201,[]
MIN,20080201,[]
SAC,20080201,[]
GSW,20080201,[]
POR,20080201,"[(""MISS Roy 17' Jump Shot"", 24.8), (""Outlaw 21' Jump Shot (11 PTS) (Roy 9 AST)"", 35.1), (""MISS Crawford 24' 3PT Jump Shot"", 50.3), (""''"", 50.0)]"
ATL,20080202,[]
IND,20080202,[]
CLE,20080202,[]
MEM,20080202,[]
MIL,20080202,[]
DEN,20080202,[]
SAC,20080202,[]
SEA,20080202,"[(""Randolph 21' Jump Shot (24 PTS) (Crawford 1 AST)"", 21.4), (""Durant 24' 3PT Jump Shot (21 PTS) (Wilcox 4 AST)"", 38.4), (""MISS Robinson 26' 3PT Jump Shot"", 86.7)]"
WAS,20080203,[]
DET,20080203,[]
ATL,20080204,"[(""MISS Iguodala 26' 3PT Jump Shot"", 30.9)]"
ORL,20080204,[]
NYK,20080204,[]
MIA,20080204,[]
MIN,20080204,"[(""MISS Alston 25' 3PT Jump Shot"", 27.0), (""'MISS Telfair  Layup'"", 22.3), (""'Jefferson  Tip Shot (33 PTS)'"", 22.5), (""'MISS Landry  Layup'"", 24.1), (""McGrady 17' Jump Shot (23 PTS)"", 26.2), (""MISS Telfair 21' Jump Shot"", 29.1), (""McGrady 25' 3PT Jump Shot (26 PTS)"", 29.3)]"
UTA,20080204,[]
PHO,20080204,[]
POR,20080204,"[(""MISS Najera 25' 3PT Jump Shot"", 25.3), (""Iverson 25' 3PT Jump Shot (23 PTS) (Anthony 5 AST)"", 45.0), (""MISS Outlaw 13' Jump Shot"", 33.7), (""MISS Anthony 17' Jump Shot"", 20.2), (""'MISS Outlaw Free Throw 1 of 2'"", 39.1), (""'Outlaw Free Throw 2 of 2 (16 PTS)'"", 41.1), (""MISS Iverson 25' 3PT Jump Shot"", 50.3), (""''"", 50.0)]"
SEA,20080204,[]
PHI,20080205,"[(""MISS Mason Jr. 25' 3PT Jump Shot"", 21.7)]"
CLE,20080205,[]
IND,20080205,[]
NJN,20080205,[]
MEM,20080205,"[(""MISS Miller 29' 3PT Jump Shot"", 28.4), (""Williams 20' Jump Shot (28 PTS)"", 27.0), (""Williams 15' Pullup Jump Shot (30 PTS)"", 23.7), (""'MISS Gay  3PT Jump Shot'"", 37.8)]"
WAS,20080206,[]
ATL,20080206,"[(""MISS Fisher 26' 3PT Jump Shot"", 23.0), (""Lue 27' 3PT Jump Shot (14 PTS)"", 32.7), (""Lue 15' Turnaround Jump Shot (16 PTS)"", 23.9), (""'Childress REBOUND (Off:1 Def:4)'"", 20.7), (""MISS Fisher 37' 3PT Jump Shot"", 48.7)]"
ORL,20080206,[]
BOS,20080206,[]
NYK,20080206,"[(""MISS Crawford 25' 3PT Jump Shot"", 20.7), (""MISS Crawford 25' 3PT Jump Shot"", 48.7)]"
DET,20080206,[]
DAL,20080206,"[(""Bell 24' 3PT Jump Shot (5 PTS) (Bogut 2 AST)"", 23.2)]"
DEN,20080206,"[(""MISS Korver 27' 3PT Jump Shot"", 25.5), (""D. Williams 27' 3PT Jump Shot (25 PTS) (Kirilenko 2 AST)"", 33.3), (""MISS Anthony 19' Jump Shot"", 48.0), (""''"", 50.0)]"
PHO,20080206,"[(""Stojakovic 19' Jump Shot (22 PTS)"", 20.9), (""MISS West 12' Jump Shot"", 24.3), (""Nash 26' 3PT Jump Shot (24 PTS)"", 37.9), (""Nash 14' Jump Shot (26 PTS)"", 31.1), (""Stojakovic 14' Jump Shot (24 PTS)"", 25.8), (""MISS Paul 15' Jump Shot"", 48.0), (""'MISS Stoudemire  Alley Oop Layup'"", 48.0), (""''"", 50.0)]"
SAC,20080206,[]
POR,20080206,[]
PHI,20080207,[]
HOU,20080207,[]
GSW,20080207,"[(""'MISS Pietrus  3PT Jump Shot'"", 31.7)]"
TOR,20080208,"[(""MISS Calderon 21' Jump Shot"", 26.6)]"
CHA,20080208,[]
ORL,20080208,"[(""Fisher 26' 3PT Jump Shot (14 PTS) (Bryant 5 AST)"", 21.3), (""MISS Turkoglu 24' 3PT Jump Shot"", 23.1), (""MISS Bryant 24' 3PT Jump Shot"", 21.8), (""MISS Lewis 24' 3PT Jump Shot"", 25.4), (""MISS Fisher 24' 3PT Jump Shot"", 26.3), (""MISS Bryant 16' Fadeaway Jumper"", 24.6), (""MISS Turkoglu 24' 3PT Jump Shot"", 28.5), (""MISS Nelson 18' Jump Shot"", 29.3), (""Odom 8' Jump Shot (12 PTS) (Fisher 7 AST)"", 23.7), (""'MISS Lewis  3PT Jump Shot'"", 33.7)]"
NYK,20080208,"[(""'MISS Finley  3PT Jump Shot'"", 31.7), (""MISS Jones 24' 3PT Jump Shot"", 28.2), (""MISS Crawford 3' Jump Shot"", 22.5), (""'MISS Duncan  Layup'"", 34.2), (""MISS Duncan 7' Jump Shot"", 37.9), (""'Balkman REBOUND (Off:4 Def:2)'"", 20.6), (""Finley 24' 3PT Jump Shot (14 PTS) (Ginobili 8 AST)"", 48.7), (""''"", 50.0)]"
ATL,20080208,[]
DET,20080208,[]
MIN,20080208,"[(""MISS Pierce 16' Jump Shot"", 22.5), (""MISS Pierce 8' Jump Shot"", 27.0), (""'Smith  Slam Dunk (16 PTS) (Telfair 6 AST)'"", 31.6), (""Rondo 19' Jump Shot (12 PTS)"", 26.0), (""MISS Jaric 25' 3PT Jump Shot"", 48.0), (""'MISS Allen  Driving Layup'"", 45.0), (""'Powe  Layup (16 PTS)'"", 48.0)]"
DAL,20080208,[]
PHO,20080208,"[(""MISS Nash 19' Jump Shot"", 20.4), (""Wilcox 9' Jump Shot (22 PTS)"", 27.0), (""'MISS Diaw  Layup'"", 30.2), (""Hill 19' Jump Shot (16 PTS) (Nash 8 AST)"", 34.4), (""'MISS Wilcox  Layup'"", 39.2), (""'Petro REBOUND (Off:4 Def:2)'"", 20.6), (""'MISS Petro  Layup'"", 39.2), (""'Wilcox REBOUND (Off:5 Def:10)'"", 20.6), (""'MISS Wilcox  Layup'"", 39.2), (""'SuperSonics Rebound'"", 20.6)]"
SAC,20080208,[]
DEN,20080208,[]
IND,20080209,[]
PHI,20080209,[]
NOH,20080209,[]
MIL,20080209,"[(""'MISS Ruffin  Layup'"", 93.4)]"
HOU,20080209,[]
UTA,20080209,[]
GSW,20080209,"[(""MISS World Peace 27' 3PT Jump Shot"", 48.7)]"
CLE,20080210,[]
MIA,20080210,[]
NJN,20080210,[]
DET,20080210,[]
MIN,20080210,[]
BOS,20080210,"[(""'MISS Udoka  3PT Jump Shot'"", 20.4), (""MISS Ginobili 26' 3PT Jump Shot"", 32.0)]"
PHO,20080210,"[(""MISS Mason Jr. 29' 3PT Jump Shot"", 26.5)]"
TOR,20080211,[]
PHI,20080211,[]
CHA,20080211,[]
ORL,20080211,[]
MIL,20080211,[]
HOU,20080211,[]
GSW,20080211,"[(""MISS Davis 27' 3PT Jump Shot"", 38.4), (""Jackson 27' 3PT Step Back Jump Shot (36 PTS) (Biedrins 1 AST)"", 44.1), (""MISS Young 18' Jump Shot"", 24.5), (""MISS Stevenson 26' 3PT Jump Shot"", 48.7)]"
ATL,20080212,"[(""MISS Smith 26' 3PT Jump Shot"", 20.8), (""Billups 25' 3PT Jump Shot (12 PTS)"", 21.7), (""MISS Billups 25' 3PT Jump Shot"", 22.2), (""Billups 18' Jump Shot (16 PTS)"", 23.5)]"
IND,20080212,[]
NJN,20080212,[]
MIA,20080212,"[(""MISS Wade 25' 3PT Jump Shot"", 44.2), (""MISS Marion 9' Jump Shot"", 25.6), (""'MISS Wright  Tip Shot'"", 25.8), (""Blount 21' Jump Shot (16 PTS) (Marion 2 AST)"", 26.6), (""MISS Iverson 16' Jump Shot"", 43.9), (""MISS Wade 27' 3PT Jump Shot"", 50.2), (""''"", 50.0)]"
MEM,20080212,[]
CHI,20080212,[]
TOR,20080213,[]
PHI,20080213,[]
CHA,20080213,"[(""MISS Johnson 6' Jump Shot"", 21.8), (""'MISS Felton  Layup'"", 23.4), (""'MISS Okafor  Layup'"", 23.4), (""MISS Richardson 18' Jump Shot"", 26.6), (""MISS Felton 20' Jump Shot"", 30.9), (""'Richardson REBOUND (Off:2 Def:5)'"", 20.6), (""'Richardson  Layup (17 PTS)'"", 31.1), (""Lue 9' Driving Jump Shot (16 PTS)"", 26.0), (""'Johnson Free Throw 1 of 2 (5 PTS)'"", 34.0), (""'Johnson Free Throw 2 of 2 (6 PTS)'"", 42.5), (""MISS Felton 26' 3PT Jump Shot"", 50.2), (""''"", 50.0)]"
ORL,20080213,[]
CLE,20080213,[]
BOS,20080213,[]
DET,20080213,[]
MIL,20080213,"[(""MISS West 19' Jump Shot"", 23.2), (""Yi 21' Jump Shot (13 PTS) (Bell 4 AST)"", 34.4), (""Stojakovic 26' 3PT Jump Shot (19 PTS) (Paul 10 AST)"", 57.5), (""MISS Redd 27' 3PT Jump Shot"", 66.8)]"
MIN,20080213,[]
HOU,20080213,"[(""World Peace 11' Fadeaway Jumper (30 PTS)"", 35.4), (""Novak 24' 3PT Jump Shot (3 PTS) (McGrady 5 AST)"", 86.5), (""MISS Miller 25' 3PT Jump Shot"", 94.2)]"
DAL,20080213,[]
GSW,20080213,"[(""'Azubuike  3PT Jump Shot (7 PTS) (Davis 13 AST)'"", 21.1), (""'MISS Stoudemire Free Throw 1 of 2'"", 28.4), (""MISS Barbosa 28' 3PT Jump Shot"", 94.2)]"
SEA,20080213,[]
LAC,20080213,"[(""Thornton 24' 3PT Jump Shot (24 PTS) (Cassell 6 AST)"", 25.6), (""Maggette 11' Turnaround Jump Shot (16 PTS) (Kaman 3 AST)"", 20.3), (""Jamison 24' 3PT Jump Shot (25 PTS) (Songaila 3 AST)"", 36.0), (""Stevenson 18' Jump Shot (13 PTS)"", 25.9), (""Maggette 20' Turnaround Jump Shot (18 PTS) (Cassell 7 AST)"", 23.2), (""'Jamison  Driving Dunk (27 PTS) (Haywood 1 AST)'"", 31.6), (""MISS Daniels 6' Jump Shot"", 43.7), (""'MISS Songaila  Tip Shot'"", 45.0), (""'Jamison  Tip Shot (29 PTS)'"", 48.0)]"
CHI,20080214,[]
PHO,20080214,[]
WAS,20080219,"[(""Robinson 25' 3PT Jump Shot (13 PTS) (Crawford 2 AST)"", 21.4), (""MISS Jamison 12' Jump Shot"", 21.6), (""MISS Randolph 18' Jump Shot"", 31.8), (""'MISS Crawford Free Throw 1 of 2'"", 22.6), (""MISS Daniels 17' Jump Shot"", 43.9), (""''"", 50.0)]"
CLE,20080219,[]
DET,20080219,[]
MIN,20080219,[]
SAS,20080219,[]
DEN,20080219,"[(""'MISS Posey  3PT Jump Shot'"", 21.4)]"
UTA,20080219,[]
POR,20080219,[]
SEA,20080219,"[(""MISS Green 24' 3PT Jump Shot"", 20.5), (""MISS Szczerbiak 26' 3PT Jump Shot"", 24.4), (""'MISS Conley  Layup'"", 21.4), (""'MISS Green  Running Layup'"", 22.1), (""MISS Navarro 26' 3PT Jump Shot"", 34.1), (""MISS Green 20' Jump Shot"", 25.6), (""'MISS Gay  Layup'"", 30.7), (""'Green REBOUND (Off:1 Def:8)'"", 20.6), (""Szczerbiak 9' Running Jump Shot (23 PTS) (Watson 9 AST)"", 32.9), (""MISS Gay 25' 3PT Jump Shot"", 33.3)]"
LAL,20080219,[]
TOR,20080220,[]
PHI,20080220,[]
IND,20080220,"[(""MISS Granger 26' 3PT Jump Shot"", 22.4), (""'MISS Diener  3PT Jump Shot'"", 21.4)]"
NJN,20080220,"[(""Carter 25' 3PT Jump Shot (28 PTS)"", 21.4), (""'MISS Gordon  3PT Jump Shot'"", 21.5), (""'Duhon  3PT Jump Shot (10 PTS) (Sefolosha 3 AST)'"", 31.7), (""MISS Duhon 25' 3PT Jump Shot"", 27.8), (""Carter 14' Fadeaway Jumper (30 PTS)"", 28.0), (""'Smith  Dunk (17 PTS) (Duhon 4 AST)'"", 28.9), (""MISS Carter 21' Jump Shot"", 34.5), (""'Thomas REBOUND (Off:5 Def:1)'"", 23.5), (""''"", 50.0)]"
MIL,20080220,"[(""MISS Wallace 25' 3PT Jump Shot"", 44.3)]"
NOH,20080220,[]
PHO,20080220,[]
SAC,20080220,[]
LAC,20080220,[]
GSW,20080220,"[(""MISS Allen 26' 3PT Jump Shot"", 24.7), (""Pierce 27' 3PT Jump Shot (19 PTS) (Rondo 6 AST)"", 21.1), (""Harrington 19' Step Back Jump Shot (22 PTS) (Ellis 9 AST)"", 20.6), (""Ellis 15' Fadeaway Jumper (26 PTS) (Harrington 4 AST)"", 21.9), (""'MISS Rondo  3PT Jump Shot'"", 32.8), (""'Pierce Free Throw 1 of 2 (22 PTS)'"", 23.5), (""'Pierce Free Throw 2 of 2 (23 PTS)'"", 25.6), (""Davis 20' Step Back Jump Shot (29 PTS)"", 48.0)]"
HOU,20080221,[]
MIN,20080221,"[(""'Jefferson  Reverse Layup (27 PTS)'"", 24.9), (""'MISS Foye  Driving Layup'"", 21.1), (""'Duncan REBOUND (Off:2 Def:11)'"", 20.1), (""Ginobili 16' Jump Shot (44 PTS)"", 53.3), (""MISS Telfair 25' 3PT Jump Shot"", 86.5)]"
POR,20080221,"[(""MISS Wilkins 25' 3PT Jump Shot"", 31.4)]"
CHA,20080222,"[(""'MISS Carroll  3PT Jump Shot'"", 27.3), (""'Felton  Driving Layup (16 PTS)'"", 29.0), (""MISS Martin 14' Jump Shot"", 48.0), (""''"", 50.0)]"
ORL,20080222,[]
IND,20080222,[]
NYK,20080222,"[(""'MISS Delfino  3PT Jump Shot'"", 23.2), (""MISS Moon 25' 3PT Jump Shot"", 24.0)]"
CLE,20080222,"[(""MISS Mason Jr. 24' 3PT Jump Shot"", 29.6), (""MISS James 24' 3PT Jump Shot"", 49.0), (""MISS Jamison 5' Hook Shot"", 23.7), (""'James Free Throw 1 of 2 (32 PTS)'"", 29.1), (""'James Free Throw 2 of 2 (33 PTS)'"", 26.9), (""MISS Stevenson 7' Floating Jump Shot"", 93.4)]"
DET,20080222,[]
CHI,20080222,[]
MEM,20080222,[]
NOH,20080222,[]
PHO,20080222,[]
LAC,20080222,[]
GSW,20080222,[]
SEA,20080222,[]
WAS,20080223,[]
NJN,20080223,[]
MIA,20080223,"[(""MISS Wade 25' 3PT Jump Shot"", 28.5), (""Haslem 16' Jump Shot (8 PTS) (Wade 4 AST)"", 25.1), (""MISS Wade 15' Jump Shot"", 29.8), (""'MISS Williams  3PT Jump Shot'"", 50.2), (""''"", 50.0)]"
MIL,20080223,"[(""'Bell  3PT Jump Shot (7 PTS) (Williams 7 AST)'"", 21.4)]"
SAS,20080223,"[(""MISS Stojakovic 25' 3PT Jump Shot"", 20.7)]"
UTA,20080223,[]
LAC,20080223,[]
PHO,20080224,[]
TOR,20080224,[]
ORL,20080224,[]
CLE,20080224,[]
POR,20080224,[]
MIN,20080224,[]
HOU,20080224,[]
SEA,20080224,[]
IND,20080225,"[(""MISS Rush 25' 3PT Jump Shot"", 35.1)]"
NOH,20080225,"[(""MISS Stevenson 24' 3PT Jump Shot"", 24.6), (""MISS Stojakovic 19' Jump Shot"", 21.6), (""MISS West 17' Jump Shot"", 22.0), (""MISS Stevenson 24' 3PT Jump Shot"", 35.0), (""Stojakovic 24' 3PT Jump Shot (11 PTS) (West 4 AST)"", 37.1), (""MISS Jamison 9' Jump Shot"", 34.2), (""'Stevenson Free Throw 1 of 2 (29 PTS)'"", 24.2), (""'Stevenson Free Throw 2 of 2 (30 PTS)'"", 21.7), (""'MISS Armstrong Free Throw 1 of 2'"", 29.1), (""'Armstrong Free Throw 2 of 2 (4 PTS)'"", 24.4), (""Stevenson 25' 3PT Jump Shot (33 PTS)"", 50.3)]"
DAL,20080225,[]
SAS,20080225,[]
DEN,20080225,"[(""'MISS Smith Free Throw 2 of 3'"", 23.5), (""'MISS Martin  Tip Shot'"", 36.4)]"
LAC,20080225,[]
NJN,20080226,[]
MIA,20080226,[]
MIL,20080226,"[(""MISS James 26' 3PT Jump Shot"", 21.7), (""'MISS Villanueva  3PT Jump Shot'"", 23.7), (""'MISS Szczerbiak  3PT Jump Shot'"", 20.4), (""'James  Layup (35 PTS)'"", 35.1), (""Redd 27' 3PT Jump Shot (25 PTS)"", 50.2)]"
MEM,20080226,[]
MIN,20080226,[]
HOU,20080226,[]
LAL,20080226,[]
GSW,20080226,[]
TOR,20080227,[]
PHI,20080227,[]
ATL,20080227,[]
IND,20080227,[]
BOS,20080227,[]
NYK,20080227,[]
NOH,20080227,[]
UTA,20080227,"[(""Okur 26' 3PT Jump Shot (18 PTS) (D. Williams 13 AST)"", 26.4), (""Okur 25' 3PT Jump Shot (21 PTS) (D. Williams 14 AST)"", 30.5), (""Hamilton 24' 3PT Jump Shot (22 PTS) (Prince 4 AST)"", 27.2), (""MISS Okur 25' 3PT Jump Shot"", 34.1), (""MISS Wallace 13' Fadeaway Jumper"", 22.1)]"
SEA,20080227,[]
LAC,20080227,"[(""Jack 24' 3PT Jump Shot (19 PTS) (Aldridge 3 AST)"", 21.9), (""Mobley 24' 3PT Jump Shot (5 PTS) (Dickau 5 AST)"", 21.9), (""MISS Thomas 24' 3PT Jump Shot"", 23.5), (""MISS Thornton 10' Running Jump Shot"", 20.3), (""'MISS Maggette  Tip Shot'"", 20.7), (""'MISS Jack  Layup'"", 23.4), (""Jack 22' Jump Shot (21 PTS)"", 23.0), (""'Thornton REBOUND (Off:1 Def:5)'"", 20.1), (""MISS Maggette 15' Jump Shot"", 53.3), (""MISS Maggette 33' 3PT Jump Shot"", 81.3)]"
NJN,20080228,[]
SAS,20080228,"[(""Duncan 1' Dunk (29 PTS) (Ginobili 5 AST)"", 21.8), (""MISS Finley 25' 3PT Jump Shot"", 35.3), (""MISS Nowitzki 10' Jump Shot"", 26.3), (""MISS Terry 17' Jump Shot"", 28.9), (""MISS Nowitzki 16' Jump Shot"", 26.2), (""MISS Nowitzki 3' Jump Shot"", 27.4), (""MISS Terry 6' Jump Shot"", 37.8)]"
LAL,20080228,[]
TOR,20080229,[]
BOS,20080229,[]
ATL,20080229,"[(""MISS Bibby 26' 3PT Jump Shot"", 27.8), (""'Smith  Alley Oop Dunk (25 PTS) (Bibby 10 AST)'"", 25.9), (""'MISS Crawford  3PT Jump Shot'"", 44.4), (""Bibby 20' Jump Shot (9 PTS) (Johnson 6 AST)"", 23.6)]"
CLE,20080229,[]
CHI,20080229,"[(""MISS Nocioni 25' 3PT Jump Shot"", 22.1), (""MISS Mason Jr. 25' 3PT Jump Shot"", 23.7)]"
NOH,20080229,[]
HOU,20080229,[]
DAL,20080229,"[(""'Martin  3PT Jump Shot (23 PTS) (Udrih 5 AST)'"", 20.4), (""Stackhouse 24' 3PT Jump Shot (17 PTS) (Kidd 9 AST)"", 26.0)]"
DEN,20080229,"[(""Maggette 25' 3PT Jump Shot (26 PTS) (Knight 12 AST)"", 22.1), (""'MISS Carter  3PT Jump Shot'"", 30.2), (""MISS Thornton 26' 3PT Jump Shot"", 33.3), (""Iverson 18' Jump Shot (38 PTS) (Carter 6 AST)"", 24.1), (""MISS Maggette 21' Jump Shot"", 22.5)]"
GSW,20080229,[]
POR,20080229,"[(""'Jones  3PT Jump Shot (8 PTS) (Roy 11 AST)'"", 20.2), (""MISS Bryant 24' 3PT Jump Shot"", 21.1), (""'Vujacic  3PT Jump Shot (9 PTS) (Fisher 4 AST)'"", 21.4), (""MISS Vujacic 24' 3PT Jump Shot"", 25.4), (""'MISS Fisher  3PT Jump Shot'"", 20.8)]"
SEA,20080229,[]
ORL,20080301,[]
MEM,20080301,[]
MIL,20080301,"[(""'Simmons  3PT Jump Shot (11 PTS) (Ivey 2 AST)'"", 21.2), (""MISS Ivey 7' Running Jump Shot"", 31.6), (""MISS Parker 18' Jump Shot"", 23.7), (""'MISS Bowen  Tip Shot'"", 23.7), (""'Bell  Layup (6 PTS)'"", 36.5), (""Ginobili 17' Jump Shot (30 PTS)"", 41.1), (""'MISS Redd Free Throw 1 of 2'"", 34.0), (""'MISS Bogut  Tip Shot'"", 48.0)]"
PHO,20080301,[]
LAC,20080301,[]
CLE,20080302,[]
LAL,20080302,"[(""'Bryant  Driving Layup (41 PTS)'"", 24.5), (""MISS Stackhouse 25' 3PT Jump Shot"", 58.3), (""'Bryant REBOUND (Off:0 Def:8)'"", 20.7), (""Nowitzki 24' 3PT Jump Shot (21 PTS) (Kidd 11 AST)"", 43.0), (""MISS Kidd 45' 3PT Jump Shot"", 50.3), (""''"", 50.0)]"
BOS,20080302,[]
NJN,20080302,[]
WAS,20080302,[]
CHA,20080302,[]
IND,20080302,[]
MIN,20080302,"[(""'Durant  Driving Layup (21 PTS) (Ridnour 7 AST)'"", 36.4), (""MISS Gomes 16' Jump Shot"", 48.0), (""''"", 50.0)]"
HOU,20080302,[]
GSW,20080302,[]
SAC,20080302,[]
NYK,20080303,"[(""MISS Crawford 26' 3PT Jump Shot"", 23.7)]"
UTA,20080303,[]
LAC,20080303,[]
ATL,20080304,[]
ORL,20080304,[]
DET,20080304,[]
MIN,20080304,[]
CHI,20080304,[]
SAS,20080304,[]
SAC,20080304,[]
POR,20080304,[]
WAS,20080305,[]
CHA,20080305,"[(""MISS Azubuike 27' 3PT Jump Shot"", 20.2)]"
BOS,20080305,[]
NYK,20080305,[]
MIA,20080305,[]
MIL,20080305,[]
MEM,20080305,"[(""'MISS Harris  3PT Jump Shot'"", 22.2), (""MISS Jefferson 24' 3PT Jump Shot"", 22.3)]"
NOH,20080305,[]
HOU,20080305,[]
DEN,20080305,[]
UTA,20080305,[]
LAC,20080305,"[(""Thornton 19' Jump Shot (14 PTS)"", 26.5), (""'MISS Miller  Layup'"", 48.0), (""''"", 50.0)]"
CHI,20080306,[]
SAS,20080306,[]
DAL,20080306,[]
TOR,20080307,"[(""MISS Bargnani 25' 3PT Jump Shot"", 21.2), (""Mason Jr. 25' 3PT Jump Shot (15 PTS)"", 26.4), (""MISS Bargnani 25' 3PT Jump Shot"", 27.7), (""MISS Delfino 25' 3PT Jump Shot"", 33.7), (""MISS Jamison 7' Jump Hook Shot"", 34.3), (""'Stevenson REBOUND (Off:2 Def:4)'"", 23.3), (""'Stevenson  Tip Shot (7 PTS)'"", 34.5), (""MISS Young 26' 3PT Jump Shot"", 50.3), (""''"", 50.0)]"
PHI,20080307,[]
CHA,20080307,[]
NYK,20080307,[]
MIA,20080307,[]
BOS,20080307,[]
NOH,20080307,[]
MIL,20080307,"[(""MISS Bell 26' 3PT Jump Shot"", 23.0), (""Jones 26' 3PT Jump Shot (7 PTS) (Blake 6 AST)"", 22.5), (""'Webster  Reverse Layup (17 PTS) (Aldridge 4 AST)'"", 22.4), (""MISS Blake 16' Jump Shot"", 23.7), (""'Redd Free Throw 1 of 2 (25 PTS)'"", 22.1), (""'Przybilla REBOUND (Off:4 Def:11)'"", 23.3), (""Aldridge 13' Jump Shot (29 PTS) (Roy 10 AST)"", 45.0), (""MISS Redd 39' 3PT Jump Shot"", 94.2)]"
PHO,20080307,"[(""Korver 25' 3PT Jump Shot (10 PTS) (D. Williams 14 AST)"", 20.7), (""Okur 25' 3PT Jump Shot (23 PTS) (D. Williams 15 AST)"", 24.7), (""MISS Barbosa 25' 3PT Jump Shot"", 28.4), (""'MISS Bell  3PT Jump Shot'"", 31.7), (""D. Williams 12' Jump Shot (25 PTS)"", 20.9)]"
SAC,20080307,[]
DEN,20080307,[]
LAL,20080307,[]
CLE,20080308,[]
WAS,20080308,"[(""MISS Jamison 40' 3PT Jump Shot"", 48.7)]"
ATL,20080308,"[(""MISS Wade 20' Jump Shot"", 21.0), (""MISS Davis 29' 3PT Jump Shot"", 48.0), (""MISS Davis 18' Jump Shot"", 26.2), (""MISS Wade 27' 3PT Jump Shot"", 35.0), (""MISS Cook 37' 3PT Jump Shot"", 48.7)]"
ORL,20080308,[]
NYK,20080308,"[(""'MISS Roy  Layup'"", 21.5), (""'MISS Robinson  Layup'"", 30.4), (""Blake 4' Fadeaway Jumper (15 PTS)"", 23.5), (""'Robinson  Driving Layup (42 PTS)'"", 42.0), (""MISS Roy 40' 3PT Jump Shot"", 50.3), (""''"", 50.0)]"
MEM,20080308,[]
HOU,20080308,[]
DAL,20080308,[]
UTA,20080308,[]
LAC,20080308,"[(""MISS Thornton 24' 3PT Jump Shot"", 27.8), (""McCants 12' Jump Shot (7 PTS)"", 20.4), (""Mobley 24' 3PT Jump Shot (13 PTS) (Thomas 3 AST)"", 33.6), (""Foye 21' Jump Shot (22 PTS) (Smith 2 AST)"", 25.5), (""MISS Mobley 24' 3PT Jump Shot"", 42.8), (""MISS McCants 25' 3PT Jump Shot"", 29.3), (""Foye 4' Running Bank Hook Shot (24 PTS)"", 20.7), (""MISS Mobley 24' 3PT Jump Shot"", 44.3)]"
TOR,20080309,[]
MIL,20080309,[]
PHO,20080309,"[(""MISS Ginobili 26' 3PT Jump Shot"", 30.4), (""Hill 20' Jump Shot (18 PTS) (Stoudemire 3 AST)"", 20.8)]"
DET,20080309,[]
LAL,20080309,"[(""'MISS Hawes  3PT Jump Shot'"", 29.4), (""'MISS Bryant  Layup'"", 33.5), (""'Gasol  Layup (25 PTS) (Fisher 3 AST)'"", 39.2), (""'Udrih Free Throw 1 of 2 (24 PTS)'"", 32.2), (""'Udrih Free Throw 2 of 2 (25 PTS)'"", 30.4), (""MISS Bryant 19' Jump Shot"", 93.4)]"
PHI,20080310,[]
ORL,20080310,[]
CLE,20080310,[]
MIA,20080310,"[(""MISS Cook 25' 3PT Jump Shot"", 21.3), (""'MISS Cook  Driving Layup'"", 20.8), (""Williams 25' 3PT Jump Shot (11 PTS)"", 30.5), (""Davis 24' 3PT Jump Shot (26 PTS) (Williams 5 AST)"", 46.6), (""MISS Thornton 5' Jump Shot"", 34.4), (""'MISS Thornton Free Throw 1 of 2'"", 21.3), (""'Mobley Free Throw 1 of 2 (28 PTS)'"", 39.1), (""'Mobley Free Throw 2 of 2 (29 PTS)'"", 36.7), (""MISS Davis 17' Jump Shot"", 93.4)]"
HOU,20080310,[]
DAL,20080310,[]
SAS,20080310,"[(""'MISS Finley  3PT Jump Shot'"", 21.5), (""MISS Parker 9' Jump Shot"", 20.9), (""MISS Bowen 7' Jump Shot"", 21.9), (""MISS Iverson 11' Jump Shot"", 21.6), (""MISS Smith 26' 3PT Jump Shot"", 20.2)]"
WAS,20080311,[]
IND,20080311,[]
MIN,20080311,"[(""MISS Foye 4' Jump Shot"", 20.2)]"
CHI,20080311,[]
PHO,20080311,[]
LAL,20080311,[]
ATL,20080312,[]
ORL,20080312,[]
BOS,20080312,[]
NJN,20080312,[]
MIA,20080312,"[(""MISS Davis 25' 3PT Jump Shot"", 32.0), (""MISS Blount 24' 3PT Jump Shot"", 33.1), (""MISS Williams 25' 3PT Jump Shot"", 48.7)]"
DET,20080312,"[(""MISS Billups 18' Jump Shot"", 93.4)]"
MIL,20080312,"[(""'Redd  Layup (24 PTS) (Bogut 3 AST)'"", 24.5), (""MISS Brewer 16' Jump Shot"", 28.7), (""'Boozer  Layup (20 PTS) (Okur 4 AST)'"", 30.2), (""'MISS Redd  Layup'"", 34.0)]"
NOH,20080312,[]
DAL,20080312,[]
DEN,20080312,[]
GSW,20080312,[]
WAS,20080313,"[(""MISS James 25' 3PT Jump Shot"", 31.5), (""MISS James 27' 3PT Jump Shot"", 81.3)]"
SAC,20080313,[]
PHO,20080313,[]
BOS,20080314,[]
ATL,20080314,[]
MIA,20080314,"[(""'MISS Blount  3PT Jump Shot'"", 20.9), (""MISS Cook 26' 3PT Jump Shot"", 25.0)]"
DET,20080314,"[(""MISS Ginobili 26' 3PT Jump Shot"", 20.3), (""Prince 20' Jump Shot (17 PTS) (Billups 7 AST)"", 20.3), (""'MISS Prince  Layup'"", 21.6), (""MISS Duncan 7' Jump Shot"", 32.6), (""MISS Duncan 9' Jump Shot"", 32.6), (""Hamilton 13' Jump Shot (20 PTS) (Billups 8 AST)"", 23.4)]"
NOH,20080314,[]
CHI,20080314,"[(""Iguodala 25' 3PT Jump Shot (23 PTS)"", 21.1), (""Carney 24' 3PT Jump Shot (18 PTS) (Williams 3 AST)"", 30.6), (""Williams 10' Floating Jump Shot (9 PTS)"", 20.1), (""'Williams  Driving Layup (11 PTS)'"", 21.7), (""MISS Williams 21' Jump Shot"", 23.7)]"
HOU,20080314,[]
DAL,20080314,[]
DEN,20080314,[]
SEA,20080314,[]
PHI,20080315,[]
WAS,20080315,"[(""Thomas 9' Turnaround Jump Shot (15 PTS)"", 22.9), (""MISS Jamison 26' 3PT Jump Shot"", 33.2), (""'Jamison Free Throw 1 of 3 (28 PTS)'"", 25.2), (""'Jamison Free Throw 2 of 3 (29 PTS)'"", 33.1), (""'Jamison Free Throw 3 of 3 (30 PTS)'"", 41.1), (""MISS Thomas 25' 3PT Jump Shot"", 50.3), (""''"", 50.0)]"
ORL,20080315,[]
NJN,20080315,"[(""Korver 24' 3PT Jump Shot (18 PTS) (Kirilenko 3 AST)"", 20.8), (""MISS Nachbar 25' 3PT Jump Shot"", 23.0), (""MISS Korver 24' 3PT Jump Shot"", 22.4), (""MISS Korver 25' 3PT Jump Shot"", 40.6), (""'MISS Carter  Driving Layup'"", 32.0), (""'Nachbar REBOUND (Off:2 Def:1)'"", 21.1), (""'MISS Nachbar  Tip Shot'"", 32.4), (""'Brewer REBOUND (Off:0 Def:2)'"", 21.3), (""MISS Korver 25' 3PT Jump Shot"", 45.6), (""'Harris REBOUND (Off:3 Def:5)'"", 24.2), (""Jefferson 5' Running Jump Shot (27 PTS)"", 43.9), (""'MISS Okur  3PT Turnaround Fadeaway Shot'"", 94.2)]"
MIL,20080315,[]
PHO,20080315,[]
POR,20080315,[]
GSW,20080315,[]
MIA,20080316,[]
NYK,20080316,[]
DET,20080316,[]
CLE,20080316,"[(""Richardson 26' 3PT Jump Shot (33 PTS)"", 21.2), (""West 18' Jump Shot (7 PTS)"", 22.4)]"
HOU,20080316,[]
DEN,20080316,[]
SAC,20080316,[]
WAS,20080317,[]
ORL,20080317,[]
IND,20080317,[]
MEM,20080317,[]
NOH,20080317,"[(""Paul 25' 3PT Jump Shot (33 PTS) (Pargo 4 AST)"", 22.0)]"
MIN,20080317,[]
SAS,20080317,"[(""MISS Cassell 24' 3PT Jump Shot"", 20.2), (""'House  3PT Jump Shot (3 PTS) (Posey 3 AST)'"", 20.9), (""Duncan 2' Layup (10 PTS) (Parker 8 AST)"", 20.2), (""Cassell 25' 3PT Jump Shot (17 PTS) (Garnett 2 AST)"", 47.0), (""MISS Ginobili 25' 3PT Jump Shot"", 45.5), (""MISS Horry 24' 3PT Jump Shot"", 81.3)]"
UTA,20080317,[]
DET,20080318,[]
MIL,20080318,[]
CHI,20080318,[]
HOU,20080318,[]
DAL,20080318,"[(""MISS Radmanovic 15' Jump Shot"", 23.7), (""'MISS Kidd  3PT Jump Shot'"", 33.3), (""MISS Nowitzki 28' 3PT Jump Shot"", 94.2)]"
SAC,20080318,[]
POR,20080318,[]
TOR,20080319,[]
PHI,20080319,"[(""MISS Kleiza 26' 3PT Jump Shot"", 29.7), (""'MISS Iguodala  Layup'"", 21.9), (""'MISS Anthony  Layup'"", 23.1), (""MISS Anthony 9' Jump Shot"", 23.8), (""Miller 9' Jump Shot (27 PTS)"", 24.7), (""Iverson 26' 3PT Jump Shot (32 PTS) (Martin 4 AST)"", 31.1), (""MISS Miller 17' Jump Shot"", 28.5), (""'Dalembert  Layup (17 PTS)'"", 32.8), (""MISS Iverson 20' Jump Shot"", 32.7), (""MISS Camby 7' Jump Shot"", 35.1)]"
ORL,20080319,"[(""MISS Stevenson 27' 3PT Jump Shot"", 22.1), (""Bogans 24' 3PT Jump Shot (14 PTS) (Nelson 9 AST)"", 23.1), (""MISS Turkoglu 26' 3PT Jump Shot"", 26.7), (""MISS Mason Jr. 26' 3PT Jump Shot"", 28.4), (""Butler 17' Jump Shot (11 PTS)"", 30.9), (""'MISS Butler  Layup'"", 21.4), (""'MISS Turkoglu  Layup'"", 76.5)]"
IND,20080319,"[(""MISS Dunleavy 24' 3PT Jump Shot"", 28.1)]"
NJN,20080319,[]
CLE,20080319,[]
NOH,20080319,[]
MIN,20080319,"[(""Miller 27' 3PT Jump Shot (20 PTS)"", 21.3), (""Gomes 20' Jump Shot (10 PTS) (McCants 5 AST)"", 22.4), (""MISS Miller 26' 3PT Jump Shot"", 32.6)]"
SEA,20080319,[]
LAC,20080319,[]
CHI,20080320,[]
DAL,20080320,"[(""MISS Cassell 25' 3PT Jump Shot"", 24.0), (""MISS Garnett 15' Jump Shot"", 22.6), (""MISS Nowitzki 15' Jump Shot"", 20.6), (""MISS Garnett 19' Jump Shot"", 27.3), (""MISS Kidd 23' Jump Shot"", 23.4), (""Allen 24' 3PT Floating Jump Shot (21 PTS) (Cassell 6 AST)"", 51.9), (""'MISS Nowitzki  Driving Layup'"", 26.3)]"
UTA,20080320,[]
ORL,20080321,[]
IND,20080321,[]
NJN,20080321,[]
NYK,20080321,[]
MIA,20080321,[]
CLE,20080321,[]
SAS,20080321,[]
POR,20080321,[]
LAL,20080321,[]
GSW,20080321,"[(""Davis 27' 3PT Jump Shot (22 PTS)"", 24.2), (""Jackson 25' 3PT Jump Shot (16 PTS) (Battier 3 AST)"", 30.3), (""Landry 1' Running Slam Dunk (16 PTS) (McGrady 8 AST)"", 20.1), (""MISS Jackson 26' 3PT Jump Shot"", 31.4), (""'MISS Pietrus  3PT Jump Shot'"", 31.6), (""MISS Davis 27' 3PT Jump Shot"", 37.0)]"
PHI,20080322,"[(""MISS Carter 18' Jump Shot"", 24.8), (""'MISS Young  Layup'"", 20.9), (""MISS Dalembert 14' Turnaround Jump Shot"", 22.2), (""'MISS Boone  Layup'"", 32.0), (""MISS Carter 27' 3PT Jump Shot"", 33.3)]"
CHA,20080322,[]
ATL,20080322,"[(""MISS Nelson 25' 3PT Jump Shot"", 20.3)]"
MEM,20080322,[]
NOH,20080322,[]
MIN,20080322,[]
CHI,20080322,"[(""Shaw. Williams 25' 3PT Jump Shot (10 PTS)"", 30.0), (""MISS Gordon 26' 3PT Jump Shot"", 21.0)]"
MIL,20080322,[]
UTA,20080322,[]
PHO,20080322,[]
LAC,20080322,[]
DAL,20080323,[]
TOR,20080323,"[(""Calderon 25' 3PT Jump Shot (17 PTS) (Parker 3 AST)"", 20.4), (""MISS Smith 25' 3PT Jump Shot"", 22.3), (""MISS Calderon 24' 3PT Jump Shot"", 21.4), (""'Parker  3PT Jump Shot (14 PTS) (Moon 2 AST)'"", 26.7), (""MISS Moon 25' 3PT Jump Shot"", 29.7)]"
WAS,20080323,[]
LAL,20080323,"[(""Bryant 26' 3PT Jump Shot (33 PTS) (Odom 4 AST)"", 20.8), (""Jackson 26' 3PT Jump Shot (28 PTS) (Ellis 5 AST)"", 29.4), (""Jackson 26' 3PT Jump Shot (31 PTS) (Davis 4 AST)"", 24.7)]"
BOS,20080324,[]
NYK,20080324,[]
MIA,20080324,"[(""MISS Davis 20' Jump Shot"", 20.9)]"
DET,20080324,"[(""MISS Wallace 26' 3PT Jump Shot"", 21.3), (""MISS Stoudemire 14' Jump Shot"", 24.4), (""Wallace 8' Turnaround Jump Shot (21 PTS)"", 27.0), (""MISS Wallace 26' 3PT Jump Shot"", 44.2), (""'PISTONS Rebound'"", 21.8), (""MISS Wallace 8' Jump Shot"", 42.0), (""MISS Prince 21' Jump Shot"", 43.9), (""''"", 50.0)]"
MEM,20080324,[]
HOU,20080324,[]
SEA,20080324,[]
GSW,20080324,"[(""'Davis Free Throw 1 of 2 (29 PTS)'"", 28.4), (""'Davis Free Throw 2 of 2 (30 PTS)'"", 33.4), (""MISS Fisher 17' Running Jump Shot"", 48.0), (""''"", 50.0)]"
ORL,20080325,[]
IND,20080325,[]
CHI,20080325,[]
DAL,20080325,[]
UTA,20080325,[]
POR,20080325,[]
TOR,20080326,[]
NYK,20080326,"[(""MISS Jones 25' 3PT Jump Shot"", 50.2), (""''"", 50.0), (""'winProb swing: 20.5%'"", 31.3), (""'winProb swing: 8.1%'"", 37.6), (""'winProb swing: 12.9%'"", 21.2), (""'winProb swing: 17.1%'"", 57.0)]"
PHI,20080326,[]
ATL,20080326,[]
CLE,20080326,"[(""'MISS Jones  3PT Jump Shot'"", 20.2), (""MISS Brown 25' 3PT Jump Shot"", 23.7), (""'Stojakovic  3PT Jump Shot (25 PTS) (West 4 AST)'"", 24.9), (""MISS West 3' Jump Shot"", 22.5), (""MISS West 1' Layup"", 22.6), (""Chandler 1' Putback Dunk (13 PTS)"", 22.8), (""MISS Pargo 24' 3PT Jump Shot"", 28.9), (""James 1' Driving Layup (21 PTS)"", 51.0), (""West 17' Jump Shot (20 PTS) (Paul 20 AST)"", 93.4), (""MISS James 61' 3PT Jump Shot"", 96.0)]"
BOS,20080326,[]
NJN,20080326,[]
HOU,20080326,[]
SAS,20080326,"[(""Ginobili 25' 3PT Jump Shot (8 PTS)"", 24.1), (""MISS Maggette 25' 3PT Jump Shot"", 27.0)]"
SAC,20080326,"[(""MISS Miller 29' 3PT Jump Shot"", 22.9), (""MISS Johnson 25' 3PT Jump Shot"", 24.1), (""MISS World Peace 19' Jump Shot"", 23.8), (""Moore 6' Hook Shot (15 PTS)"", 24.1), (""Lowry 7' Running Jump Shot (16 PTS)"", 25.9), (""'Miller REBOUND (Off:3 Def:12)'"", 21.7), (""MISS World Peace 6' Jump Shot"", 41.2), (""MISS Gay 15' Jump Shot"", 48.0), (""''"", 50.0)]"
SEA,20080326,[]
LAL,20080326,[]
DET,20080327,[]
DEN,20080327,[]
GSW,20080327,[]
TOR,20080328,[]
PHI,20080328,[]
IND,20080328,[]
BOS,20080328,[]
ATL,20080328,"[(""Johnson 15' Fadeaway Jumper (18 PTS) (Bibby 8 AST)"", 20.1), (""MISS Nocioni 26' 3PT Jump Shot"", 29.8), (""MISS Gordon 27' 3PT Jump Shot"", 48.7)]"
MIL,20080328,[]
SAS,20080328,[]
UTA,20080328,[]
SAC,20080328,[]
LAL,20080328,"[(""MISS Farmar 26' 3PT Jump Shot"", 23.8), (""MISS Bryant 27' 3PT Jump Shot"", 24.0), (""MISS Odom 24' 3PT Jump Shot"", 49.0)]"
SEA,20080328,"[(""Marshall 25' 3PT Jump Shot (10 PTS) (Watson 5 AST)"", 23.0), (""MISS Richardson 9' Jump Shot"", 20.2), (""MISS Wallace 10' Jump Shot"", 20.7), (""Durant 5' Running Jump Shot (18 PTS) (Watson 6 AST)"", 26.2), (""Felton 12' Jump Shot (21 PTS)"", 29.5), (""MISS Felton 19' Jump Shot"", 21.1), (""'Dudley REBOUND (Off:2 Def:4)'"", 20.1), (""MISS Durant 28' 3PT Jump Shot"", 37.8)]"
NJN,20080329,[]
DET,20080329,[]
CHI,20080329,[]
DEN,20080329,[]
POR,20080329,"[(""'MISS Richardson  3PT Jump Shot'"", 22.4), (""'Felton  3PT Jump Shot (14 PTS) (Wallace 4 AST)'"", 31.1), (""'Felton  Driving Layup (16 PTS)'"", 20.2)]"
LAC,20080329,[]
SAS,20080330,[]
MIN,20080330,[]
ATL,20080330,[]
BOS,20080330,[]
TOR,20080330,[]
CLE,20080330,"[(""Iguodala 25' 3PT Jump Shot (17 PTS) (Miller 9 AST)"", 21.0), (""West 25' 3PT Jump Shot (15 PTS) (James 8 AST)"", 20.2), (""West 25' 3PT Jump Shot (18 PTS) (James 9 AST)"", 30.5), (""MISS Young 2' Layup"", 27.7), (""MISS Miller 12' Jump Shot"", 30.7), (""'Young REBOUND (Off:2 Def:1)'"", 20.3), (""James 4' Running Jump Shot (26 PTS)"", 34.6), (""MISS Williams 25' 3PT Jump Shot"", 62.5), (""MISS Iguodala 25' 3PT Jump Shot"", 48.7)]"
GSW,20080330,[]
SEA,20080330,[]
LAL,20080330,"[(""Young 25' 3PT Jump Shot (18 PTS) (Jamison 4 AST)"", 22.7), (""MISS Walton 24' 3PT Jump Shot"", 27.5), (""MISS Stevenson 26' 3PT Jump Shot"", 31.1), (""'Bryant  Driving Dunk (19 PTS) (Fisher 1 AST)'"", 21.6), (""MISS Butler 25' 3PT Jump Shot"", 34.0), (""Young 26' 3PT Jump Shot (21 PTS) (Butler 10 AST)"", 20.4), (""Butler 27' 3PT Jump Shot (17 PTS)"", 35.0), (""'MISS Fisher  3PT Jump Shot'"", 49.4), (""''"", 50.0)]"
CHA,20080331,[]
IND,20080331,[]
MEM,20080331,[]
UTA,20080331,[]
PHO,20080331,[]
LAC,20080331,[]
ORL,20080401,"[(""MISS Lewis 28' 3PT Jump Shot"", 22.0), (""MISS Peterson 26' 3PT Jump Shot"", 31.7), (""'Evans  3PT Jump Shot (11 PTS) (Lewis 4 AST)'"", 34.3), (""Stojakovic 26' 3PT Jump Shot (8 PTS) (Paul 12 AST)"", 41.2), (""MISS Evans 24' 3PT Jump Shot"", 50.0), (""MISS Stojakovic 15' Jump Shot"", 21.4), (""'Hornets Rebound'"", 20.7), (""MISS Dooling 19' Jump Shot"", 78.5)]"
NJN,20080401,[]
MIL,20080401,"[(""MISS Richardson 18' Jump Shot"", 20.2), (""Redd 24' 3PT Jump Shot (35 PTS) (Sessions 5 AST)"", 31.2), (""Crawford 6' Running Jump Shot (19 PTS)"", 30.2), (""'MISS Bogut  Layup'"", 25.8), (""MISS Crawford 15' Jump Shot"", 40.3), (""'Simmons  Layup (18 PTS) (Sessions 6 AST)'"", 43.9), (""'MISS Richardson Free Throw 1 of 3'"", 38.5), (""'Richardson Free Throw 2 of 3 (17 PTS)'"", 34.0), (""'Richardson Free Throw 3 of 3 (18 PTS)'"", 42.5), (""''"", 50.0)]"
MIN,20080401,"[(""Foye 26' 3PT Jump Shot (16 PTS) (Gomes 3 AST)"", 27.4), (""MISS Gomes 25' 3PT Jump Shot"", 33.0), (""'MISS Afflalo  Layup'"", 23.9), (""'MISS Johnson  Tip Shot'"", 24.2), (""Stuckey 14' Pullup Jump Shot (24 PTS)"", 30.0), (""MISS Foye 17' Fadeaway Jumper"", 25.2)]"
CHI,20080401,[]
SAS,20080401,[]
DEN,20080401,"[(""MISS Barbosa 24' 3PT Jump Shot"", 22.3), (""Nash 24' 3PT Jump Shot (15 PTS)"", 28.1), (""Nash 8' Running Jump Shot (17 PTS)"", 23.9), (""MISS Stoudemire 21' Jump Shot"", 26.8), (""Camby 22' Jump Shot (6 PTS) (Iverson 3 AST)"", 31.8), (""MISS Nash 25' 3PT Fadeaway Jumper"", 47.5), (""MISS Barbosa 24' 3PT Jump Shot"", 33.5)]"
SAC,20080401,"[(""Battier 24' 3PT Jump Bank Shot (9 PTS) (Scola 2 AST)"", 29.6), (""World Peace 24' 3PT Jump Shot (30 PTS)"", 31.1), (""MISS Garcia 26' 3PT Jump Shot"", 37.4), (""MISS Hayes 7' Jump Hook Shot"", 21.1), (""MISS Alston 6' Jump Shot"", 32.0), (""MISS McGrady 17' Jump Shot"", 93.4)]"
WAS,20080402,"[(""MISS Butler 26' 3PT Jump Shot"", 26.2), (""MISS Bogut 1' Layup"", 22.1), (""Bogut 1' Layup (20 PTS)"", 22.4), (""MISS Stevenson 2' Layup"", 23.7), (""MISS Redd 26' 3PT Jump Shot"", 28.7), (""MISS Arenas 20' Jump Shot"", 32.6), (""MISS Haywood 1' Layup"", 33.3), (""MISS Ivey 15' Jump Shot"", 23.6), (""'Arenas Free Throw 1 of 2 (16 PTS)'"", 23.8), (""'Arenas Free Throw 2 of 2 (17 PTS)'"", 21.3), (""Sessions 19' Jump Shot (8 PTS) (Bogut 5 AST)"", 93.4)]"
CHA,20080402,[]
ATL,20080402,"[(""MISS Johnson 27' 3PT Jump Shot"", 24.3), (""Ford 8' Jump Shot (15 PTS)"", 20.1), (""MISS Bibby 28' 3PT Jump Shot"", 36.3), (""MISS Johnson 28' 3PT Jump Shot"", 40.8), (""Bibby 24' 3PT Jump Shot (23 PTS) (Childress 4 AST)"", 48.7), (""''"", 50.0)]"
BOS,20080402,[]
MIA,20080402,[]
MEM,20080402,[]
UTA,20080402,[]
DAL,20080402,[]
SEA,20080402,[]
LAL,20080402,[]
CLE,20080403,"[(""MISS Sefolosha 24' 3PT Jump Shot"", 22.3), (""MISS James 27' 3PT Jump Shot"", 39.2), (""MISS Szczerbiak 19' Jump Shot"", 29.3), (""MISS Gordon 27' 3PT Jump Shot"", 29.2), (""MISS James 1' Layup"", 55.8), (""MISS Gibson 25' 3PT Jump Shot"", 48.7)]"
SAC,20080403,[]
POR,20080403,[]
TOR,20080404,"[(""'MISS Boykins  3PT Jump Shot'"", 26.0), (""'MISS Parker  3PT Jump Shot'"", 34.3), (""'MISS Felton  Driving Layup'"", 20.1), (""'MISS Felton  Driving Layup'"", 22.1), (""Boykins 11' Running Jump Shot (5 PTS)"", 23.2)]"
ATL,20080404,[]
WAS,20080404,[]
DET,20080404,[]
MEM,20080404,[]
NOH,20080404,[]
MIL,20080404,[]
UTA,20080404,[]
PHO,20080404,[]
LAL,20080404,"[(""MISS Howard 24' 3PT Jump Shot"", 22.8), (""MISS Howard 12' Jump Shot"", 20.3), (""MISS Nowitzki 12' Jump Shot"", 22.4), (""'Gasol  Layup (24 PTS) (Odom 5 AST)'"", 31.6)]"
SEA,20080404,[]
CLE,20080405,[]
PHI,20080405,[]
CHA,20080405,[]
NJN,20080405,[]
CHI,20080405,[]
DEN,20080405,"[(""MISS Smith 27' 3PT Jump Shot"", 44.3)]"
MIA,20080406,[]
PHO,20080406,[]
NYK,20080406,[]
IND,20080406,[]
POR,20080406,[]
MIN,20080406,[]
NOH,20080406,[]
SAC,20080406,[]
SEA,20080406,"[(""MISS Carter 20' Jump Shot"", 21.0), (""Green 14' Jump Shot (28 PTS) (Ridnour 6 AST)"", 22.7), (""Anthony 23' Jump Shot (32 PTS) (Iverson 12 AST)"", 20.5), (""Kleiza 25' 3PT Jump Shot (15 PTS) (Iverson 13 AST)"", 37.3), (""Durant 25' 3PT Jump Shot (28 PTS) (Watson 10 AST)"", 33.3), (""MISS Anthony 14' Jump Shot"", 45.0), (""''"", 50.0)]"
LAC,20080406,[]
CHA,20080408,"[(""'Gomes REBOUND (Off:2 Def:3)'"", 20.7), (""MISS Jefferson 19' Jump Shot"", 48.0)]"
IND,20080408,[]
MIA,20080408,[]
DET,20080408,[]
MIL,20080408,"[(""'Redd  3PT Jump Shot (25 PTS) (Mason 1 AST)'"", 35.1), (""MISS House 24' 3PT Jump Shot"", 47.4), (""''"", 50.0)]"
MEM,20080408,[]
NOH,20080408,[]
DAL,20080408,[]
POR,20080408,[]
LAC,20080408,[]
GSW,20080408,[]
TOR,20080409,[]
PHI,20080409,[]
WAS,20080409,[]
ORL,20080409,[]
CLE,20080409,[]
NYK,20080409,"[(""MISS Robinson 25' 3PT Jump Shot"", 20.1), (""Jones 24' 3PT Jump Shot (15 PTS) (Balkman 4 AST)"", 20.7), (""'MISS Richardson  3PT Jump Shot'"", 23.8), (""MISS Okafor 11' Jump Shot"", 48.0)]"
MIN,20080409,[]
HOU,20080409,[]
SAS,20080409,[]
GSW,20080410,[]
DAL,20080410,"[(""D. Williams 27' 3PT Jump Shot (13 PTS)"", 26.4), (""'Terry  Driving Finger Roll Layup (19 PTS)'"", 20.8), (""MISS Boozer 14' Jump Shot"", 23.6), (""MISS Terry 17' Jump Shot"", 21.1), (""MISS George 15' Running Jump Shot"", 23.0), (""Nowitzki 9' Step Back Jump Shot (29 PTS)"", 23.7), (""MISS D. Williams 25' 3PT Jump Shot"", 33.4), (""D. Williams 25' 3PT Jump Shot (18 PTS)"", 38.7), (""Nowitzki 25' 3PT Pullup Jump Shot (32 PTS) (Jones 1 AST)"", 50.2), (""MISS D. Williams 25' 3PT Jump Shot"", 48.7)]"
LAC,20080410,[]
TOR,20080411,[]
PHI,20080411,[]
ORL,20080411,"[(""McCants 26' 3PT Jump Shot (19 PTS)"", 21.4), (""MISS Turkoglu 13' Jump Shot"", 21.6), (""'MISS Jefferson  Layup'"", 31.3), (""MISS Jefferson 22' Jump Shot"", 32.0), (""MISS Dooling 23' Jump Shot"", 22.4), (""'Foye REBOUND (Off:1 Def:5)'"", 20.7), (""MISS Foye 16' Fadeaway Jumper"", 55.8), (""'MISS Jefferson  Tip Shot'"", 64.2), (""'Gomes Free Throw 1 of 2 (13 PTS)'"", 39.1), (""'Gomes Free Throw 2 of 2 (14 PTS)'"", 36.7), (""MISS Turkoglu 25' 3PT Jump Shot"", 96.0)]"
CHI,20080411,[]
BOS,20080411,[]
NYK,20080411,[]
MIA,20080411,[]
DET,20080411,[]
HOU,20080411,[]
SAS,20080411,[]
SAC,20080411,[]
LAL,20080411,[]
WAS,20080412,[]
ATL,20080412,"[(""MISS Johnson 27' 3PT Jump Shot"", 20.2)]"
IND,20080412,"[(""MISS Granger 26' 3PT Jump Shot"", 21.1), (""MISS Dunleavy 27' 3PT Jump Shot"", 21.2), (""Diener 26' 3PT Jump Shot (10 PTS)"", 21.1)]"
MEM,20080412,[]
MIL,20080412,[]
UTA,20080412,[]
SAC,20080412,"[(""MISS Stojakovic 26' 3PT Jump Shot"", 43.0)]"
POR,20080412,"[(""Nowitzki 15' Jump Shot (26 PTS)"", 23.2), (""'Aldridge  Layup (21 PTS) (Roy 6 AST)'"", 29.1), (""Outlaw 15' Jump Shot (9 PTS) (Jack 10 AST)"", 23.8), (""MISS Terry 24' 3PT Jump Shot"", 48.7)]"
GSW,20080412,[]
CLE,20080413,[]
LAL,20080413,[]
DET,20080413,[]
CHI,20080413,[]
DEN,20080413,[]
SEA,20080413,"[(""MISS Jones 25' 3PT Jump Shot"", 28.8), (""Durant 16' Jump Shot (17 PTS)"", 31.3), (""MISS Terry 25' 3PT Jump Shot"", 54.7), (""'Durant  Driving Layup (19 PTS) (Green 5 AST)'"", 22.1), (""MISS Kidd 25' 3PT Jump Shot"", 43.0)]"
TOR,20080414,[]
PHI,20080414,"[(""MISS Williams 25' 3PT Jump Shot"", 20.9), (""Gibson 24' 3PT Jump Shot (9 PTS) (West 2 AST)"", 21.5), (""MISS Iguodala 25' 3PT Jump Shot"", 27.4), (""MISS Gibson 26' 3PT Jump Shot"", 28.1), (""'MISS Williams  Layup'"", 26.6), (""Young 3' Hook Shot (11 PTS)"", 26.7), (""'Ilgauskas  Layup (22 PTS) (James 5 AST)'"", 30.4), (""'Williams  Driving Layup (19 PTS)'"", 33.3), (""Brown 4' Running Jump Shot (11 PTS)"", 39.2), (""Williams 22' Fadeaway Jumper (21 PTS)"", 55.8), (""'MISS James  Layup'"", 93.4), (""'Brown Free Throw 1 of 2 (12 PTS)'"", 46.7), (""'Brown Free Throw 2 of 2 (13 PTS)'"", 45.9)]"
WAS,20080414,[]
NYK,20080414,"[(""MISS Robinson 26' 3PT Jump Shot"", 21.4)]"
MIL,20080414,[]
UTA,20080414,[]
PHO,20080414,"[(""Jackson 25' 3PT Jump Shot (21 PTS) (Azubuike 4 AST)"", 21.8)]"
SAC,20080414,"[(""'MISS Finley  3PT Jump Shot'"", 20.1), (""MISS Parker 25' 3PT Jump Shot"", 22.9), (""'MISS Finley  3PT Jump Shot'"", 32.5), (""'Oberto  Layup (17 PTS) (Duncan 2 AST)'"", 22.1), (""MISS Salmons 8' Jump Shot"", 20.6), (""MISS Garcia 25' 3PT Jump Shot"", 36.3), (""MISS Douby 25' 3PT Jump Shot"", 44.3)]"
ATL,20080415,[]
NJN,20080415,"[(""MISS Carroll 24' 3PT Jump Shot"", 42.9), (""'Carter REBOUND (Off:0 Def:6)'"", 21.1), (""'Jefferson  Dunk (23 PTS) (Harris 6 AST)'"", 32.8), (""'Carroll  Layup (9 PTS) (Felton 6 AST)'"", 26.4), (""MISS Jefferson 14' Turnaround Jump Shot"", 43.9), (""''"", 50.0)]"
DET,20080415,[]
NOH,20080415,[]
POR,20080415,[]
LAL,20080415,[]
CHA,20080416,"[(""Iguodala 26' 3PT Jump Shot (24 PTS) (Young 5 AST)"", 29.3), (""'Okafor  Dunk (22 PTS) (Hollins 1 AST)'"", 20.9), (""'MISS Williams  Layup'"", 22.2), (""'Williams  Layup (15 PTS)'"", 22.4), (""'Okafor  Dunk (24 PTS) (Hollins 2 AST)'"", 23.7), (""'MISS Smith  Layup'"", 26.5), (""Carroll 17' Jump Shot (19 PTS) (Felton 12 AST)"", 23.1), (""MISS Iguodala 26' 3PT Jump Shot"", 33.3)]"
ORL,20080416,[]
CLE,20080416,[]
IND,20080416,[]
BOS,20080416,[]
MIA,20080416,[]
SAS,20080416,[]
MIN,20080416,"[(""MISS McCants 26' 3PT Jump Shot"", 21.6), (""MISS McCants 5' Jump Shot"", 48.0), (""''"", 50.0)]"
CHI,20080416,[]
HOU,20080416,[]
DAL,20080416,[]
DEN,20080416,[]
PHO,20080416,[]
GSW,20080416,[]
